sample_id	original_fastq_path	symlink_fastq_path	md5_checksum	final_file_name
1_S1_R1_001_Run220824	/Volumes/kueck/FASTQ/CellLines/RNA-Seq/220824_VL00320_14_AAC7WHVM5/Analysis/1/Data/fastq/1_S1_R1_001.fastq.gz	/Volumes/kueck/ovarian_cancer_cisplatin_response_manuscript/geo_metadata/data/220829_VL00320_AAC7WHVM5_AAC5JYKM5_AAC5K32M5/fastq/1_S1_R1_001_Run220824.fastq.gz	fcc7497229dd2dea1649f0bde304536d	1_S1_R1_001_Run220824.fastq.gz
1_S1_R2_001_Run220824	/Volumes/kueck/FASTQ/CellLines/RNA-Seq/220824_VL00320_14_AAC7WHVM5/Analysis/1/Data/fastq/1_S1_R2_001.fastq.gz	/Volumes/kueck/ovarian_cancer_cisplatin_response_manuscript/geo_metadata/data/220829_VL00320_AAC7WHVM5_AAC5JYKM5_AAC5K32M5/fastq/1_S1_R2_001_Run220824.fastq.gz	386a54cd4b9865edc92cad80a678a610	1_S1_R2_001_Run220824.fastq.gz
2_S2_R1_001_Run220824	/Volumes/kueck/FASTQ/CellLines/RNA-Seq/220824_VL00320_14_AAC7WHVM5/Analysis/1/Data/fastq/2_S2_R1_001.fastq.gz	/Volumes/kueck/ovarian_cancer_cisplatin_response_manuscript/geo_metadata/data/220829_VL00320_AAC7WHVM5_AAC5JYKM5_AAC5K32M5/fastq/2_S2_R1_001_Run220824.fastq.gz	81f60f95136d5a580fff230ebb8b9d5a	2_S2_R1_001_Run220824.fastq.gz
2_S2_R2_001_Run220824	/Volumes/kueck/FASTQ/CellLines/RNA-Seq/220824_VL00320_14_AAC7WHVM5/Analysis/1/Data/fastq/2_S2_R2_001.fastq.gz	/Volumes/kueck/ovarian_cancer_cisplatin_response_manuscript/geo_metadata/data/220829_VL00320_AAC7WHVM5_AAC5JYKM5_AAC5K32M5/fastq/2_S2_R2_001_Run220824.fastq.gz	d3a20754b0c80703877893b22e58826c	2_S2_R2_001_Run220824.fastq.gz
3_S3_R1_001_Run220824	/Volumes/kueck/FASTQ/CellLines/RNA-Seq/220824_VL00320_14_AAC7WHVM5/Analysis/1/Data/fastq/3_S3_R1_001.fastq.gz	/Volumes/kueck/ovarian_cancer_cisplatin_response_manuscript/geo_metadata/data/220829_VL00320_AAC7WHVM5_AAC5JYKM5_AAC5K32M5/fastq/3_S3_R1_001_Run220824.fastq.gz	ccec03142bc500ea4ec2f2da236ebb60	3_S3_R1_001_Run220824.fastq.gz
3_S3_R2_001_Run220824	/Volumes/kueck/FASTQ/CellLines/RNA-Seq/220824_VL00320_14_AAC7WHVM5/Analysis/1/Data/fastq/3_S3_R2_001.fastq.gz	/Volumes/kueck/ovarian_cancer_cisplatin_response_manuscript/geo_metadata/data/220829_VL00320_AAC7WHVM5_AAC5JYKM5_AAC5K32M5/fastq/3_S3_R2_001_Run220824.fastq.gz	2b0520747a6852379e50e0db602134b4	3_S3_R2_001_Run220824.fastq.gz
4_S4_R1_001_Run220824	/Volumes/kueck/FASTQ/CellLines/RNA-Seq/220824_VL00320_14_AAC7WHVM5/Analysis/1/Data/fastq/4_S4_R1_001.fastq.gz	/Volumes/kueck/ovarian_cancer_cisplatin_response_manuscript/geo_metadata/data/220829_VL00320_AAC7WHVM5_AAC5JYKM5_AAC5K32M5/fastq/4_S4_R1_001_Run220824.fastq.gz	46e9213a9a81d9dc46d67aa65d1364f9	4_S4_R1_001_Run220824.fastq.gz
4_S4_R2_001_Run220824	/Volumes/kueck/FASTQ/CellLines/RNA-Seq/220824_VL00320_14_AAC7WHVM5/Analysis/1/Data/fastq/4_S4_R2_001.fastq.gz	/Volumes/kueck/ovarian_cancer_cisplatin_response_manuscript/geo_metadata/data/220829_VL00320_AAC7WHVM5_AAC5JYKM5_AAC5K32M5/fastq/4_S4_R2_001_Run220824.fastq.gz	1072f5712ef2d4907c30b51734e2011e	4_S4_R2_001_Run220824.fastq.gz
5_S5_R1_001_Run220824	/Volumes/kueck/FASTQ/CellLines/RNA-Seq/220824_VL00320_14_AAC7WHVM5/Analysis/1/Data/fastq/5_S5_R1_001.fastq.gz	/Volumes/kueck/ovarian_cancer_cisplatin_response_manuscript/geo_metadata/data/220829_VL00320_AAC7WHVM5_AAC5JYKM5_AAC5K32M5/fastq/5_S5_R1_001_Run220824.fastq.gz	33139de75f353b2d83cd3ba47d1d17d6	5_S5_R1_001_Run220824.fastq.gz
5_S5_R2_001_Run220824	/Volumes/kueck/FASTQ/CellLines/RNA-Seq/220824_VL00320_14_AAC7WHVM5/Analysis/1/Data/fastq/5_S5_R2_001.fastq.gz	/Volumes/kueck/ovarian_cancer_cisplatin_response_manuscript/geo_metadata/data/220829_VL00320_AAC7WHVM5_AAC5JYKM5_AAC5K32M5/fastq/5_S5_R2_001_Run220824.fastq.gz	5ad8dd3fd7e95f71221d0807f3a2c07f	5_S5_R2_001_Run220824.fastq.gz
6_S6_R1_001_Run220824	/Volumes/kueck/FASTQ/CellLines/RNA-Seq/220824_VL00320_14_AAC7WHVM5/Analysis/1/Data/fastq/6_S6_R1_001.fastq.gz	/Volumes/kueck/ovarian_cancer_cisplatin_response_manuscript/geo_metadata/data/220829_VL00320_AAC7WHVM5_AAC5JYKM5_AAC5K32M5/fastq/6_S6_R1_001_Run220824.fastq.gz	c252aa13fabd4e3f73c5148ae09a1880	6_S6_R1_001_Run220824.fastq.gz
6_S6_R2_001_Run220824	/Volumes/kueck/FASTQ/CellLines/RNA-Seq/220824_VL00320_14_AAC7WHVM5/Analysis/1/Data/fastq/6_S6_R2_001.fastq.gz	/Volumes/kueck/ovarian_cancer_cisplatin_response_manuscript/geo_metadata/data/220829_VL00320_AAC7WHVM5_AAC5JYKM5_AAC5K32M5/fastq/6_S6_R2_001_Run220824.fastq.gz	fd25d9c3660aedf4f0217343624dc156	6_S6_R2_001_Run220824.fastq.gz
7_S7_R1_001_Run220824	/Volumes/kueck/FASTQ/CellLines/RNA-Seq/220824_VL00320_14_AAC7WHVM5/Analysis/1/Data/fastq/7_S7_R1_001.fastq.gz	/Volumes/kueck/ovarian_cancer_cisplatin_response_manuscript/geo_metadata/data/220829_VL00320_AAC7WHVM5_AAC5JYKM5_AAC5K32M5/fastq/7_S7_R1_001_Run220824.fastq.gz	33aec4427bed9871914b0fed8d1227ab	7_S7_R1_001_Run220824.fastq.gz
7_S7_R2_001_Run220824	/Volumes/kueck/FASTQ/CellLines/RNA-Seq/220824_VL00320_14_AAC7WHVM5/Analysis/1/Data/fastq/7_S7_R2_001.fastq.gz	/Volumes/kueck/ovarian_cancer_cisplatin_response_manuscript/geo_metadata/data/220829_VL00320_AAC7WHVM5_AAC5JYKM5_AAC5K32M5/fastq/7_S7_R2_001_Run220824.fastq.gz	f207dd3af84c278216fdb21287837273	7_S7_R2_001_Run220824.fastq.gz
8_S8_R1_001_Run220824	/Volumes/kueck/FASTQ/CellLines/RNA-Seq/220824_VL00320_14_AAC7WHVM5/Analysis/1/Data/fastq/8_S8_R1_001.fastq.gz	/Volumes/kueck/ovarian_cancer_cisplatin_response_manuscript/geo_metadata/data/220829_VL00320_AAC7WHVM5_AAC5JYKM5_AAC5K32M5/fastq/8_S8_R1_001_Run220824.fastq.gz	7e542992d630bf3085c7e617ae6d1fce	8_S8_R1_001_Run220824.fastq.gz
8_S8_R2_001_Run220824	/Volumes/kueck/FASTQ/CellLines/RNA-Seq/220824_VL00320_14_AAC7WHVM5/Analysis/1/Data/fastq/8_S8_R2_001.fastq.gz	/Volumes/kueck/ovarian_cancer_cisplatin_response_manuscript/geo_metadata/data/220829_VL00320_AAC7WHVM5_AAC5JYKM5_AAC5K32M5/fastq/8_S8_R2_001_Run220824.fastq.gz	3c067ba178e48bdb7ee4d6a079cd1747	8_S8_R2_001_Run220824.fastq.gz
9_S9_R1_001_Run220824	/Volumes/kueck/FASTQ/CellLines/RNA-Seq/220824_VL00320_14_AAC7WHVM5/Analysis/1/Data/fastq/9_S9_R1_001.fastq.gz	/Volumes/kueck/ovarian_cancer_cisplatin_response_manuscript/geo_metadata/data/220829_VL00320_AAC7WHVM5_AAC5JYKM5_AAC5K32M5/fastq/9_S9_R1_001_Run220824.fastq.gz	0f7bbb4a826520b186b85d85c42f7df9	9_S9_R1_001_Run220824.fastq.gz
9_S9_R2_001_Run220824	/Volumes/kueck/FASTQ/CellLines/RNA-Seq/220824_VL00320_14_AAC7WHVM5/Analysis/1/Data/fastq/9_S9_R2_001.fastq.gz	/Volumes/kueck/ovarian_cancer_cisplatin_response_manuscript/geo_metadata/data/220829_VL00320_AAC7WHVM5_AAC5JYKM5_AAC5K32M5/fastq/9_S9_R2_001_Run220824.fastq.gz	77c7ed871bf0a7fd4c636691872ecc62	9_S9_R2_001_Run220824.fastq.gz
10_S10_R1_001_Run220824	/Volumes/kueck/FASTQ/CellLines/RNA-Seq/220824_VL00320_14_AAC7WHVM5/Analysis/1/Data/fastq/10_S10_R1_001.fastq.gz	/Volumes/kueck/ovarian_cancer_cisplatin_response_manuscript/geo_metadata/data/220829_VL00320_AAC7WHVM5_AAC5JYKM5_AAC5K32M5/fastq/10_S10_R1_001_Run220824.fastq.gz	b58372074264e926ff29a7de8db1fd2e	10_S10_R1_001_Run220824.fastq.gz
10_S10_R2_001_Run220824	/Volumes/kueck/FASTQ/CellLines/RNA-Seq/220824_VL00320_14_AAC7WHVM5/Analysis/1/Data/fastq/10_S10_R2_001.fastq.gz	/Volumes/kueck/ovarian_cancer_cisplatin_response_manuscript/geo_metadata/data/220829_VL00320_AAC7WHVM5_AAC5JYKM5_AAC5K32M5/fastq/10_S10_R2_001_Run220824.fastq.gz	60930f4d8af9d60755dfbaee4ee1c366	10_S10_R2_001_Run220824.fastq.gz
11_S11_R1_001_Run220824	/Volumes/kueck/FASTQ/CellLines/RNA-Seq/220824_VL00320_14_AAC7WHVM5/Analysis/1/Data/fastq/11_S11_R1_001.fastq.gz	/Volumes/kueck/ovarian_cancer_cisplatin_response_manuscript/geo_metadata/data/220829_VL00320_AAC7WHVM5_AAC5JYKM5_AAC5K32M5/fastq/11_S11_R1_001_Run220824.fastq.gz	7919a3f0149ce5cf627567a47df945bb	11_S11_R1_001_Run220824.fastq.gz
11_S11_R2_001_Run220824	/Volumes/kueck/FASTQ/CellLines/RNA-Seq/220824_VL00320_14_AAC7WHVM5/Analysis/1/Data/fastq/11_S11_R2_001.fastq.gz	/Volumes/kueck/ovarian_cancer_cisplatin_response_manuscript/geo_metadata/data/220829_VL00320_AAC7WHVM5_AAC5JYKM5_AAC5K32M5/fastq/11_S11_R2_001_Run220824.fastq.gz	756fc593de078aa065df6b5f5e3fcaf2	11_S11_R2_001_Run220824.fastq.gz
12_S12_R1_001_Run220824	/Volumes/kueck/FASTQ/CellLines/RNA-Seq/220824_VL00320_14_AAC7WHVM5/Analysis/1/Data/fastq/12_S12_R1_001.fastq.gz	/Volumes/kueck/ovarian_cancer_cisplatin_response_manuscript/geo_metadata/data/220829_VL00320_AAC7WHVM5_AAC5JYKM5_AAC5K32M5/fastq/12_S12_R1_001_Run220824.fastq.gz	35bf43955a5aa4b10846ac272fe764e7	12_S12_R1_001_Run220824.fastq.gz
12_S12_R2_001_Run220824	/Volumes/kueck/FASTQ/CellLines/RNA-Seq/220824_VL00320_14_AAC7WHVM5/Analysis/1/Data/fastq/12_S12_R2_001.fastq.gz	/Volumes/kueck/ovarian_cancer_cisplatin_response_manuscript/geo_metadata/data/220829_VL00320_AAC7WHVM5_AAC5JYKM5_AAC5K32M5/fastq/12_S12_R2_001_Run220824.fastq.gz	db79bf10ccdbb72c0e8448e7fa91a8df	12_S12_R2_001_Run220824.fastq.gz
13_S13_R1_001_Run220824	/Volumes/kueck/FASTQ/CellLines/RNA-Seq/220824_VL00320_14_AAC7WHVM5/Analysis/1/Data/fastq/13_S13_R1_001.fastq.gz	/Volumes/kueck/ovarian_cancer_cisplatin_response_manuscript/geo_metadata/data/220829_VL00320_AAC7WHVM5_AAC5JYKM5_AAC5K32M5/fastq/13_S13_R1_001_Run220824.fastq.gz	ba18558d3a75a8a25f1109a65a7b1fad	13_S13_R1_001_Run220824.fastq.gz
13_S13_R2_001_Run220824	/Volumes/kueck/FASTQ/CellLines/RNA-Seq/220824_VL00320_14_AAC7WHVM5/Analysis/1/Data/fastq/13_S13_R2_001.fastq.gz	/Volumes/kueck/ovarian_cancer_cisplatin_response_manuscript/geo_metadata/data/220829_VL00320_AAC7WHVM5_AAC5JYKM5_AAC5K32M5/fastq/13_S13_R2_001_Run220824.fastq.gz	1b9660e831d872417bc5fdb626ce8df7	13_S13_R2_001_Run220824.fastq.gz
14_S14_R1_001_Run220824	/Volumes/kueck/FASTQ/CellLines/RNA-Seq/220824_VL00320_14_AAC7WHVM5/Analysis/1/Data/fastq/14_S14_R1_001.fastq.gz	/Volumes/kueck/ovarian_cancer_cisplatin_response_manuscript/geo_metadata/data/220829_VL00320_AAC7WHVM5_AAC5JYKM5_AAC5K32M5/fastq/14_S14_R1_001_Run220824.fastq.gz	d824be20d07cdf76b886773d04c0909d	14_S14_R1_001_Run220824.fastq.gz
14_S14_R2_001_Run220824	/Volumes/kueck/FASTQ/CellLines/RNA-Seq/220824_VL00320_14_AAC7WHVM5/Analysis/1/Data/fastq/14_S14_R2_001.fastq.gz	/Volumes/kueck/ovarian_cancer_cisplatin_response_manuscript/geo_metadata/data/220829_VL00320_AAC7WHVM5_AAC5JYKM5_AAC5K32M5/fastq/14_S14_R2_001_Run220824.fastq.gz	aaccb802d073494f5adb6c64de9b8d01	14_S14_R2_001_Run220824.fastq.gz
15_S15_R1_001_Run220824	/Volumes/kueck/FASTQ/CellLines/RNA-Seq/220824_VL00320_14_AAC7WHVM5/Analysis/1/Data/fastq/15_S15_R1_001.fastq.gz	/Volumes/kueck/ovarian_cancer_cisplatin_response_manuscript/geo_metadata/data/220829_VL00320_AAC7WHVM5_AAC5JYKM5_AAC5K32M5/fastq/15_S15_R1_001_Run220824.fastq.gz	ebb7086f0107faaf5a34170c6c3b987c	15_S15_R1_001_Run220824.fastq.gz
15_S15_R2_001_Run220824	/Volumes/kueck/FASTQ/CellLines/RNA-Seq/220824_VL00320_14_AAC7WHVM5/Analysis/1/Data/fastq/15_S15_R2_001.fastq.gz	/Volumes/kueck/ovarian_cancer_cisplatin_response_manuscript/geo_metadata/data/220829_VL00320_AAC7WHVM5_AAC5JYKM5_AAC5K32M5/fastq/15_S15_R2_001_Run220824.fastq.gz	741752c047fff056df43a9905b75cce6	15_S15_R2_001_Run220824.fastq.gz
16_S16_R1_001_Run220824	/Volumes/kueck/FASTQ/CellLines/RNA-Seq/220824_VL00320_14_AAC7WHVM5/Analysis/1/Data/fastq/16_S16_R1_001.fastq.gz	/Volumes/kueck/ovarian_cancer_cisplatin_response_manuscript/geo_metadata/data/220829_VL00320_AAC7WHVM5_AAC5JYKM5_AAC5K32M5/fastq/16_S16_R1_001_Run220824.fastq.gz	74922e74353bc25d9f541e3632fd09b8	16_S16_R1_001_Run220824.fastq.gz
16_S16_R2_001_Run220824	/Volumes/kueck/FASTQ/CellLines/RNA-Seq/220824_VL00320_14_AAC7WHVM5/Analysis/1/Data/fastq/16_S16_R2_001.fastq.gz	/Volumes/kueck/ovarian_cancer_cisplatin_response_manuscript/geo_metadata/data/220829_VL00320_AAC7WHVM5_AAC5JYKM5_AAC5K32M5/fastq/16_S16_R2_001_Run220824.fastq.gz	d74746e2aaafffbab63d66dbc8aea572	16_S16_R2_001_Run220824.fastq.gz
17_S17_R1_001_Run220824	/Volumes/kueck/FASTQ/CellLines/RNA-Seq/220824_VL00320_14_AAC7WHVM5/Analysis/1/Data/fastq/17_S17_R1_001.fastq.gz	/Volumes/kueck/ovarian_cancer_cisplatin_response_manuscript/geo_metadata/data/220829_VL00320_AAC7WHVM5_AAC5JYKM5_AAC5K32M5/fastq/17_S17_R1_001_Run220824.fastq.gz	fc512744f162050f043526d0011f2112	17_S17_R1_001_Run220824.fastq.gz
17_S17_R2_001_Run220824	/Volumes/kueck/FASTQ/CellLines/RNA-Seq/220824_VL00320_14_AAC7WHVM5/Analysis/1/Data/fastq/17_S17_R2_001.fastq.gz	/Volumes/kueck/ovarian_cancer_cisplatin_response_manuscript/geo_metadata/data/220829_VL00320_AAC7WHVM5_AAC5JYKM5_AAC5K32M5/fastq/17_S17_R2_001_Run220824.fastq.gz	c5774275e29ea038713ae024f9893364	17_S17_R2_001_Run220824.fastq.gz
18_S18_R1_001_Run220824	/Volumes/kueck/FASTQ/CellLines/RNA-Seq/220824_VL00320_14_AAC7WHVM5/Analysis/1/Data/fastq/18_S18_R1_001.fastq.gz	/Volumes/kueck/ovarian_cancer_cisplatin_response_manuscript/geo_metadata/data/220829_VL00320_AAC7WHVM5_AAC5JYKM5_AAC5K32M5/fastq/18_S18_R1_001_Run220824.fastq.gz	f2ce18d7f12a009db5091c7e1d731bd2	18_S18_R1_001_Run220824.fastq.gz
18_S18_R2_001_Run220824	/Volumes/kueck/FASTQ/CellLines/RNA-Seq/220824_VL00320_14_AAC7WHVM5/Analysis/1/Data/fastq/18_S18_R2_001.fastq.gz	/Volumes/kueck/ovarian_cancer_cisplatin_response_manuscript/geo_metadata/data/220829_VL00320_AAC7WHVM5_AAC5JYKM5_AAC5K32M5/fastq/18_S18_R2_001_Run220824.fastq.gz	3ef809152d599cc8f2cb06e8a3888291	18_S18_R2_001_Run220824.fastq.gz
19_S19_R1_001_Run220824	/Volumes/kueck/FASTQ/CellLines/RNA-Seq/220824_VL00320_14_AAC7WHVM5/Analysis/1/Data/fastq/19_S19_R1_001.fastq.gz	/Volumes/kueck/ovarian_cancer_cisplatin_response_manuscript/geo_metadata/data/220829_VL00320_AAC7WHVM5_AAC5JYKM5_AAC5K32M5/fastq/19_S19_R1_001_Run220824.fastq.gz	86b988a9a1cc6218e36e2f3297c10544	19_S19_R1_001_Run220824.fastq.gz
19_S19_R2_001_Run220824	/Volumes/kueck/FASTQ/CellLines/RNA-Seq/220824_VL00320_14_AAC7WHVM5/Analysis/1/Data/fastq/19_S19_R2_001.fastq.gz	/Volumes/kueck/ovarian_cancer_cisplatin_response_manuscript/geo_metadata/data/220829_VL00320_AAC7WHVM5_AAC5JYKM5_AAC5K32M5/fastq/19_S19_R2_001_Run220824.fastq.gz	4e010fd0c9c2208cb6fb942a79bfeee9	19_S19_R2_001_Run220824.fastq.gz
20_S20_R1_001_Run220824	/Volumes/kueck/FASTQ/CellLines/RNA-Seq/220824_VL00320_14_AAC7WHVM5/Analysis/1/Data/fastq/20_S20_R1_001.fastq.gz	/Volumes/kueck/ovarian_cancer_cisplatin_response_manuscript/geo_metadata/data/220829_VL00320_AAC7WHVM5_AAC5JYKM5_AAC5K32M5/fastq/20_S20_R1_001_Run220824.fastq.gz	1a02673b0f08c35096f510613a20b7ce	20_S20_R1_001_Run220824.fastq.gz
20_S20_R2_001_Run220824	/Volumes/kueck/FASTQ/CellLines/RNA-Seq/220824_VL00320_14_AAC7WHVM5/Analysis/1/Data/fastq/20_S20_R2_001.fastq.gz	/Volumes/kueck/ovarian_cancer_cisplatin_response_manuscript/geo_metadata/data/220829_VL00320_AAC7WHVM5_AAC5JYKM5_AAC5K32M5/fastq/20_S20_R2_001_Run220824.fastq.gz	99c9b81786d011f8ddd8914ba56f9bbe	20_S20_R2_001_Run220824.fastq.gz
21_S21_R1_001_Run220824	/Volumes/kueck/FASTQ/CellLines/RNA-Seq/220824_VL00320_14_AAC7WHVM5/Analysis/1/Data/fastq/21_S21_R1_001.fastq.gz	/Volumes/kueck/ovarian_cancer_cisplatin_response_manuscript/geo_metadata/data/220829_VL00320_AAC7WHVM5_AAC5JYKM5_AAC5K32M5/fastq/21_S21_R1_001_Run220824.fastq.gz	d88292a4e34a37518e76593132fb390a	21_S21_R1_001_Run220824.fastq.gz
21_S21_R2_001_Run220824	/Volumes/kueck/FASTQ/CellLines/RNA-Seq/220824_VL00320_14_AAC7WHVM5/Analysis/1/Data/fastq/21_S21_R2_001.fastq.gz	/Volumes/kueck/ovarian_cancer_cisplatin_response_manuscript/geo_metadata/data/220829_VL00320_AAC7WHVM5_AAC5JYKM5_AAC5K32M5/fastq/21_S21_R2_001_Run220824.fastq.gz	326bfdec4ebbddcaa97711f2291cccda	21_S21_R2_001_Run220824.fastq.gz
22_S22_R1_001_Run220824	/Volumes/kueck/FASTQ/CellLines/RNA-Seq/220824_VL00320_14_AAC7WHVM5/Analysis/1/Data/fastq/22_S22_R1_001.fastq.gz	/Volumes/kueck/ovarian_cancer_cisplatin_response_manuscript/geo_metadata/data/220829_VL00320_AAC7WHVM5_AAC5JYKM5_AAC5K32M5/fastq/22_S22_R1_001_Run220824.fastq.gz	a3d2fd2589fb6db42f674c36ebe21ba3	22_S22_R1_001_Run220824.fastq.gz
22_S22_R2_001_Run220824	/Volumes/kueck/FASTQ/CellLines/RNA-Seq/220824_VL00320_14_AAC7WHVM5/Analysis/1/Data/fastq/22_S22_R2_001.fastq.gz	/Volumes/kueck/ovarian_cancer_cisplatin_response_manuscript/geo_metadata/data/220829_VL00320_AAC7WHVM5_AAC5JYKM5_AAC5K32M5/fastq/22_S22_R2_001_Run220824.fastq.gz	6afb3d3c7dac12a0b93a516b761f9484	22_S22_R2_001_Run220824.fastq.gz
23_S23_R1_001_Run220824	/Volumes/kueck/FASTQ/CellLines/RNA-Seq/220824_VL00320_14_AAC7WHVM5/Analysis/1/Data/fastq/23_S23_R1_001.fastq.gz	/Volumes/kueck/ovarian_cancer_cisplatin_response_manuscript/geo_metadata/data/220829_VL00320_AAC7WHVM5_AAC5JYKM5_AAC5K32M5/fastq/23_S23_R1_001_Run220824.fastq.gz	ba8924dbb3bf1a55418041f56eab4873	23_S23_R1_001_Run220824.fastq.gz
23_S23_R2_001_Run220824	/Volumes/kueck/FASTQ/CellLines/RNA-Seq/220824_VL00320_14_AAC7WHVM5/Analysis/1/Data/fastq/23_S23_R2_001.fastq.gz	/Volumes/kueck/ovarian_cancer_cisplatin_response_manuscript/geo_metadata/data/220829_VL00320_AAC7WHVM5_AAC5JYKM5_AAC5K32M5/fastq/23_S23_R2_001_Run220824.fastq.gz	813be23d70ace3551c8eb6f12d2a1fd3	23_S23_R2_001_Run220824.fastq.gz
24_S24_R1_001_Run220824	/Volumes/kueck/FASTQ/CellLines/RNA-Seq/220824_VL00320_14_AAC7WHVM5/Analysis/1/Data/fastq/24_S24_R1_001.fastq.gz	/Volumes/kueck/ovarian_cancer_cisplatin_response_manuscript/geo_metadata/data/220829_VL00320_AAC7WHVM5_AAC5JYKM5_AAC5K32M5/fastq/24_S24_R1_001_Run220824.fastq.gz	896175bc6da32236b58e0c5898c1a8e7	24_S24_R1_001_Run220824.fastq.gz
24_S24_R2_001_Run220824	/Volumes/kueck/FASTQ/CellLines/RNA-Seq/220824_VL00320_14_AAC7WHVM5/Analysis/1/Data/fastq/24_S24_R2_001.fastq.gz	/Volumes/kueck/ovarian_cancer_cisplatin_response_manuscript/geo_metadata/data/220829_VL00320_AAC7WHVM5_AAC5JYKM5_AAC5K32M5/fastq/24_S24_R2_001_Run220824.fastq.gz	e889fa149eb00e96b10c396d911acaa2	24_S24_R2_001_Run220824.fastq.gz
25_S25_R1_001_Run220824	/Volumes/kueck/FASTQ/CellLines/RNA-Seq/220824_VL00320_14_AAC7WHVM5/Analysis/1/Data/fastq/25_S25_R1_001.fastq.gz	/Volumes/kueck/ovarian_cancer_cisplatin_response_manuscript/geo_metadata/data/220829_VL00320_AAC7WHVM5_AAC5JYKM5_AAC5K32M5/fastq/25_S25_R1_001_Run220824.fastq.gz	fa3c6c74f3d869489d7a5190dae3f05c	25_S25_R1_001_Run220824.fastq.gz
25_S25_R2_001_Run220824	/Volumes/kueck/FASTQ/CellLines/RNA-Seq/220824_VL00320_14_AAC7WHVM5/Analysis/1/Data/fastq/25_S25_R2_001.fastq.gz	/Volumes/kueck/ovarian_cancer_cisplatin_response_manuscript/geo_metadata/data/220829_VL00320_AAC7WHVM5_AAC5JYKM5_AAC5K32M5/fastq/25_S25_R2_001_Run220824.fastq.gz	4e5c3fa6e32281301c55120e6438964d	25_S25_R2_001_Run220824.fastq.gz
26_S26_R1_001_Run220824	/Volumes/kueck/FASTQ/CellLines/RNA-Seq/220824_VL00320_14_AAC7WHVM5/Analysis/1/Data/fastq/26_S26_R1_001.fastq.gz	/Volumes/kueck/ovarian_cancer_cisplatin_response_manuscript/geo_metadata/data/220829_VL00320_AAC7WHVM5_AAC5JYKM5_AAC5K32M5/fastq/26_S26_R1_001_Run220824.fastq.gz	afeb02b7d312fe99572d0ff5d8f63c17	26_S26_R1_001_Run220824.fastq.gz
26_S26_R2_001_Run220824	/Volumes/kueck/FASTQ/CellLines/RNA-Seq/220824_VL00320_14_AAC7WHVM5/Analysis/1/Data/fastq/26_S26_R2_001.fastq.gz	/Volumes/kueck/ovarian_cancer_cisplatin_response_manuscript/geo_metadata/data/220829_VL00320_AAC7WHVM5_AAC5JYKM5_AAC5K32M5/fastq/26_S26_R2_001_Run220824.fastq.gz	070617393b271aeca20c29d7ac52d783	26_S26_R2_001_Run220824.fastq.gz
27_S27_R1_001_Run220824	/Volumes/kueck/FASTQ/CellLines/RNA-Seq/220824_VL00320_14_AAC7WHVM5/Analysis/1/Data/fastq/27_S27_R1_001.fastq.gz	/Volumes/kueck/ovarian_cancer_cisplatin_response_manuscript/geo_metadata/data/220829_VL00320_AAC7WHVM5_AAC5JYKM5_AAC5K32M5/fastq/27_S27_R1_001_Run220824.fastq.gz	ddde45ceb2238149e7909190554bbc88	27_S27_R1_001_Run220824.fastq.gz
27_S27_R2_001_Run220824	/Volumes/kueck/FASTQ/CellLines/RNA-Seq/220824_VL00320_14_AAC7WHVM5/Analysis/1/Data/fastq/27_S27_R2_001.fastq.gz	/Volumes/kueck/ovarian_cancer_cisplatin_response_manuscript/geo_metadata/data/220829_VL00320_AAC7WHVM5_AAC5JYKM5_AAC5K32M5/fastq/27_S27_R2_001_Run220824.fastq.gz	c80ddcb2f7377c4ff33eb82183383660	27_S27_R2_001_Run220824.fastq.gz
28_S28_R1_001_Run220824	/Volumes/kueck/FASTQ/CellLines/RNA-Seq/220824_VL00320_14_AAC7WHVM5/Analysis/1/Data/fastq/28_S28_R1_001.fastq.gz	/Volumes/kueck/ovarian_cancer_cisplatin_response_manuscript/geo_metadata/data/220829_VL00320_AAC7WHVM5_AAC5JYKM5_AAC5K32M5/fastq/28_S28_R1_001_Run220824.fastq.gz	8e9044fa4396d16a01e0800278291edf	28_S28_R1_001_Run220824.fastq.gz
28_S28_R2_001_Run220824	/Volumes/kueck/FASTQ/CellLines/RNA-Seq/220824_VL00320_14_AAC7WHVM5/Analysis/1/Data/fastq/28_S28_R2_001.fastq.gz	/Volumes/kueck/ovarian_cancer_cisplatin_response_manuscript/geo_metadata/data/220829_VL00320_AAC7WHVM5_AAC5JYKM5_AAC5K32M5/fastq/28_S28_R2_001_Run220824.fastq.gz	334fd6fe72135d6c16e3a3cbc21569d3	28_S28_R2_001_Run220824.fastq.gz
29_S29_R1_001_Run220824	/Volumes/kueck/FASTQ/CellLines/RNA-Seq/220824_VL00320_14_AAC7WHVM5/Analysis/1/Data/fastq/29_S29_R1_001.fastq.gz	/Volumes/kueck/ovarian_cancer_cisplatin_response_manuscript/geo_metadata/data/220829_VL00320_AAC7WHVM5_AAC5JYKM5_AAC5K32M5/fastq/29_S29_R1_001_Run220824.fastq.gz	585912689f4d61d0b89dec464ed5db5c	29_S29_R1_001_Run220824.fastq.gz
29_S29_R2_001_Run220824	/Volumes/kueck/FASTQ/CellLines/RNA-Seq/220824_VL00320_14_AAC7WHVM5/Analysis/1/Data/fastq/29_S29_R2_001.fastq.gz	/Volumes/kueck/ovarian_cancer_cisplatin_response_manuscript/geo_metadata/data/220829_VL00320_AAC7WHVM5_AAC5JYKM5_AAC5K32M5/fastq/29_S29_R2_001_Run220824.fastq.gz	b19625409f4a5986ad0f7365505cc2e0	29_S29_R2_001_Run220824.fastq.gz
30_S30_R1_001_Run220824	/Volumes/kueck/FASTQ/CellLines/RNA-Seq/220824_VL00320_14_AAC7WHVM5/Analysis/1/Data/fastq/30_S30_R1_001.fastq.gz	/Volumes/kueck/ovarian_cancer_cisplatin_response_manuscript/geo_metadata/data/220829_VL00320_AAC7WHVM5_AAC5JYKM5_AAC5K32M5/fastq/30_S30_R1_001_Run220824.fastq.gz	940b1686c6ff5a32e4ee40c2ece5e42b	30_S30_R1_001_Run220824.fastq.gz
30_S30_R2_001_Run220824	/Volumes/kueck/FASTQ/CellLines/RNA-Seq/220824_VL00320_14_AAC7WHVM5/Analysis/1/Data/fastq/30_S30_R2_001.fastq.gz	/Volumes/kueck/ovarian_cancer_cisplatin_response_manuscript/geo_metadata/data/220829_VL00320_AAC7WHVM5_AAC5JYKM5_AAC5K32M5/fastq/30_S30_R2_001_Run220824.fastq.gz	074db43dbb22c470953e21a1a3e2efa9	30_S30_R2_001_Run220824.fastq.gz
31_S31_R1_001_Run220824	/Volumes/kueck/FASTQ/CellLines/RNA-Seq/220824_VL00320_14_AAC7WHVM5/Analysis/1/Data/fastq/31_S31_R1_001.fastq.gz	/Volumes/kueck/ovarian_cancer_cisplatin_response_manuscript/geo_metadata/data/220829_VL00320_AAC7WHVM5_AAC5JYKM5_AAC5K32M5/fastq/31_S31_R1_001_Run220824.fastq.gz	f96c283a376044fbf79e1ecbea89d2f0	31_S31_R1_001_Run220824.fastq.gz
31_S31_R2_001_Run220824	/Volumes/kueck/FASTQ/CellLines/RNA-Seq/220824_VL00320_14_AAC7WHVM5/Analysis/1/Data/fastq/31_S31_R2_001.fastq.gz	/Volumes/kueck/ovarian_cancer_cisplatin_response_manuscript/geo_metadata/data/220829_VL00320_AAC7WHVM5_AAC5JYKM5_AAC5K32M5/fastq/31_S31_R2_001_Run220824.fastq.gz	220a84a8cfa0a354815d49c927a2a6c0	31_S31_R2_001_Run220824.fastq.gz
32_S32_R1_001_Run220824	/Volumes/kueck/FASTQ/CellLines/RNA-Seq/220824_VL00320_14_AAC7WHVM5/Analysis/1/Data/fastq/32_S32_R1_001.fastq.gz	/Volumes/kueck/ovarian_cancer_cisplatin_response_manuscript/geo_metadata/data/220829_VL00320_AAC7WHVM5_AAC5JYKM5_AAC5K32M5/fastq/32_S32_R1_001_Run220824.fastq.gz	05d612913af5224b9f0fddbcdaa7c27a	32_S32_R1_001_Run220824.fastq.gz
32_S32_R2_001_Run220824	/Volumes/kueck/FASTQ/CellLines/RNA-Seq/220824_VL00320_14_AAC7WHVM5/Analysis/1/Data/fastq/32_S32_R2_001.fastq.gz	/Volumes/kueck/ovarian_cancer_cisplatin_response_manuscript/geo_metadata/data/220829_VL00320_AAC7WHVM5_AAC5JYKM5_AAC5K32M5/fastq/32_S32_R2_001_Run220824.fastq.gz	11ddb82a1665d59ff4d76028eae82fcf	32_S32_R2_001_Run220824.fastq.gz
33_S33_R1_001_Run220824	/Volumes/kueck/FASTQ/CellLines/RNA-Seq/220824_VL00320_14_AAC7WHVM5/Analysis/1/Data/fastq/33_S33_R1_001.fastq.gz	/Volumes/kueck/ovarian_cancer_cisplatin_response_manuscript/geo_metadata/data/220829_VL00320_AAC7WHVM5_AAC5JYKM5_AAC5K32M5/fastq/33_S33_R1_001_Run220824.fastq.gz	544c2b2b927b6dfe5454e3b740604f19	33_S33_R1_001_Run220824.fastq.gz
33_S33_R2_001_Run220824	/Volumes/kueck/FASTQ/CellLines/RNA-Seq/220824_VL00320_14_AAC7WHVM5/Analysis/1/Data/fastq/33_S33_R2_001.fastq.gz	/Volumes/kueck/ovarian_cancer_cisplatin_response_manuscript/geo_metadata/data/220829_VL00320_AAC7WHVM5_AAC5JYKM5_AAC5K32M5/fastq/33_S33_R2_001_Run220824.fastq.gz	7886cc1889bb5c1dd25eff92f4e1cf2f	33_S33_R2_001_Run220824.fastq.gz
34_S34_R1_001_Run220824	/Volumes/kueck/FASTQ/CellLines/RNA-Seq/220824_VL00320_14_AAC7WHVM5/Analysis/1/Data/fastq/34_S34_R1_001.fastq.gz	/Volumes/kueck/ovarian_cancer_cisplatin_response_manuscript/geo_metadata/data/220829_VL00320_AAC7WHVM5_AAC5JYKM5_AAC5K32M5/fastq/34_S34_R1_001_Run220824.fastq.gz	6fcaef7e5232b29f5da97b578068dc69	34_S34_R1_001_Run220824.fastq.gz
34_S34_R2_001_Run220824	/Volumes/kueck/FASTQ/CellLines/RNA-Seq/220824_VL00320_14_AAC7WHVM5/Analysis/1/Data/fastq/34_S34_R2_001.fastq.gz	/Volumes/kueck/ovarian_cancer_cisplatin_response_manuscript/geo_metadata/data/220829_VL00320_AAC7WHVM5_AAC5JYKM5_AAC5K32M5/fastq/34_S34_R2_001_Run220824.fastq.gz	a4dc6abe720f6f1ae4fa5be6922c1933	34_S34_R2_001_Run220824.fastq.gz
35_S35_R1_001_Run220824	/Volumes/kueck/FASTQ/CellLines/RNA-Seq/220824_VL00320_14_AAC7WHVM5/Analysis/1/Data/fastq/35_S35_R1_001.fastq.gz	/Volumes/kueck/ovarian_cancer_cisplatin_response_manuscript/geo_metadata/data/220829_VL00320_AAC7WHVM5_AAC5JYKM5_AAC5K32M5/fastq/35_S35_R1_001_Run220824.fastq.gz	86705f95b7123f6bc28abada55f52785	35_S35_R1_001_Run220824.fastq.gz
35_S35_R2_001_Run220824	/Volumes/kueck/FASTQ/CellLines/RNA-Seq/220824_VL00320_14_AAC7WHVM5/Analysis/1/Data/fastq/35_S35_R2_001.fastq.gz	/Volumes/kueck/ovarian_cancer_cisplatin_response_manuscript/geo_metadata/data/220829_VL00320_AAC7WHVM5_AAC5JYKM5_AAC5K32M5/fastq/35_S35_R2_001_Run220824.fastq.gz	4ee98f12523d1d654f33ceea54ae2fdd	35_S35_R2_001_Run220824.fastq.gz
36_S36_R1_001_Run220824	/Volumes/kueck/FASTQ/CellLines/RNA-Seq/220824_VL00320_14_AAC7WHVM5/Analysis/1/Data/fastq/36_S36_R1_001.fastq.gz	/Volumes/kueck/ovarian_cancer_cisplatin_response_manuscript/geo_metadata/data/220829_VL00320_AAC7WHVM5_AAC5JYKM5_AAC5K32M5/fastq/36_S36_R1_001_Run220824.fastq.gz	96596df966a5735d64267ca3560d999e	36_S36_R1_001_Run220824.fastq.gz
36_S36_R2_001_Run220824	/Volumes/kueck/FASTQ/CellLines/RNA-Seq/220824_VL00320_14_AAC7WHVM5/Analysis/1/Data/fastq/36_S36_R2_001.fastq.gz	/Volumes/kueck/ovarian_cancer_cisplatin_response_manuscript/geo_metadata/data/220829_VL00320_AAC7WHVM5_AAC5JYKM5_AAC5K32M5/fastq/36_S36_R2_001_Run220824.fastq.gz	b6f11f7f5cde09509416fa63c878579e	36_S36_R2_001_Run220824.fastq.gz
1_S1_R1_001_Run220825	/Volumes/kueck/FASTQ/CellLines/RNA-Seq/220825_VL00320_15_AAC5JYKM5/Analysis/1/Data/fastq/1_S1_R1_001.fastq.gz	/Volumes/kueck/ovarian_cancer_cisplatin_response_manuscript/geo_metadata/data/220829_VL00320_AAC7WHVM5_AAC5JYKM5_AAC5K32M5/fastq/1_S1_R1_001_Run220825.fastq.gz	5486111aa0330276a6a66564dc3fb758	1_S1_R1_001_Run220825.fastq.gz
1_S1_R2_001_Run220825	/Volumes/kueck/FASTQ/CellLines/RNA-Seq/220825_VL00320_15_AAC5JYKM5/Analysis/1/Data/fastq/1_S1_R2_001.fastq.gz	/Volumes/kueck/ovarian_cancer_cisplatin_response_manuscript/geo_metadata/data/220829_VL00320_AAC7WHVM5_AAC5JYKM5_AAC5K32M5/fastq/1_S1_R2_001_Run220825.fastq.gz	01669e2b054d4f4b39ff0caf289393fb	1_S1_R2_001_Run220825.fastq.gz
2_S2_R1_001_Run220825	/Volumes/kueck/FASTQ/CellLines/RNA-Seq/220825_VL00320_15_AAC5JYKM5/Analysis/1/Data/fastq/2_S2_R1_001.fastq.gz	/Volumes/kueck/ovarian_cancer_cisplatin_response_manuscript/geo_metadata/data/220829_VL00320_AAC7WHVM5_AAC5JYKM5_AAC5K32M5/fastq/2_S2_R1_001_Run220825.fastq.gz	84b429a9865e97fdd0385436811d49b2	2_S2_R1_001_Run220825.fastq.gz
2_S2_R2_001_Run220825	/Volumes/kueck/FASTQ/CellLines/RNA-Seq/220825_VL00320_15_AAC5JYKM5/Analysis/1/Data/fastq/2_S2_R2_001.fastq.gz	/Volumes/kueck/ovarian_cancer_cisplatin_response_manuscript/geo_metadata/data/220829_VL00320_AAC7WHVM5_AAC5JYKM5_AAC5K32M5/fastq/2_S2_R2_001_Run220825.fastq.gz	261c9b4249e7e568236ba3c53f854874	2_S2_R2_001_Run220825.fastq.gz
3_S3_R1_001_Run220825	/Volumes/kueck/FASTQ/CellLines/RNA-Seq/220825_VL00320_15_AAC5JYKM5/Analysis/1/Data/fastq/3_S3_R1_001.fastq.gz	/Volumes/kueck/ovarian_cancer_cisplatin_response_manuscript/geo_metadata/data/220829_VL00320_AAC7WHVM5_AAC5JYKM5_AAC5K32M5/fastq/3_S3_R1_001_Run220825.fastq.gz	ea9d365581d4a16f0ef9203af165220e	3_S3_R1_001_Run220825.fastq.gz
3_S3_R2_001_Run220825	/Volumes/kueck/FASTQ/CellLines/RNA-Seq/220825_VL00320_15_AAC5JYKM5/Analysis/1/Data/fastq/3_S3_R2_001.fastq.gz	/Volumes/kueck/ovarian_cancer_cisplatin_response_manuscript/geo_metadata/data/220829_VL00320_AAC7WHVM5_AAC5JYKM5_AAC5K32M5/fastq/3_S3_R2_001_Run220825.fastq.gz	c4e69e65221bde2966b750f3bc316f32	3_S3_R2_001_Run220825.fastq.gz
4_S4_R1_001_Run220825	/Volumes/kueck/FASTQ/CellLines/RNA-Seq/220825_VL00320_15_AAC5JYKM5/Analysis/1/Data/fastq/4_S4_R1_001.fastq.gz	/Volumes/kueck/ovarian_cancer_cisplatin_response_manuscript/geo_metadata/data/220829_VL00320_AAC7WHVM5_AAC5JYKM5_AAC5K32M5/fastq/4_S4_R1_001_Run220825.fastq.gz	ee2ecbe9438c02adc0207448855d7bfd	4_S4_R1_001_Run220825.fastq.gz
4_S4_R2_001_Run220825	/Volumes/kueck/FASTQ/CellLines/RNA-Seq/220825_VL00320_15_AAC5JYKM5/Analysis/1/Data/fastq/4_S4_R2_001.fastq.gz	/Volumes/kueck/ovarian_cancer_cisplatin_response_manuscript/geo_metadata/data/220829_VL00320_AAC7WHVM5_AAC5JYKM5_AAC5K32M5/fastq/4_S4_R2_001_Run220825.fastq.gz	b8586d422a4d6801fafcfea616b39107	4_S4_R2_001_Run220825.fastq.gz
5_S5_R1_001_Run220825	/Volumes/kueck/FASTQ/CellLines/RNA-Seq/220825_VL00320_15_AAC5JYKM5/Analysis/1/Data/fastq/5_S5_R1_001.fastq.gz	/Volumes/kueck/ovarian_cancer_cisplatin_response_manuscript/geo_metadata/data/220829_VL00320_AAC7WHVM5_AAC5JYKM5_AAC5K32M5/fastq/5_S5_R1_001_Run220825.fastq.gz	b6dfe25a426028092549d60f543fc237	5_S5_R1_001_Run220825.fastq.gz
5_S5_R2_001_Run220825	/Volumes/kueck/FASTQ/CellLines/RNA-Seq/220825_VL00320_15_AAC5JYKM5/Analysis/1/Data/fastq/5_S5_R2_001.fastq.gz	/Volumes/kueck/ovarian_cancer_cisplatin_response_manuscript/geo_metadata/data/220829_VL00320_AAC7WHVM5_AAC5JYKM5_AAC5K32M5/fastq/5_S5_R2_001_Run220825.fastq.gz	7cec749eafef74c79209a9e1f582e7b9	5_S5_R2_001_Run220825.fastq.gz
6_S6_R1_001_Run220825	/Volumes/kueck/FASTQ/CellLines/RNA-Seq/220825_VL00320_15_AAC5JYKM5/Analysis/1/Data/fastq/6_S6_R1_001.fastq.gz	/Volumes/kueck/ovarian_cancer_cisplatin_response_manuscript/geo_metadata/data/220829_VL00320_AAC7WHVM5_AAC5JYKM5_AAC5K32M5/fastq/6_S6_R1_001_Run220825.fastq.gz	b777b47be3ca9547dc2db0a876fc1c04	6_S6_R1_001_Run220825.fastq.gz
6_S6_R2_001_Run220825	/Volumes/kueck/FASTQ/CellLines/RNA-Seq/220825_VL00320_15_AAC5JYKM5/Analysis/1/Data/fastq/6_S6_R2_001.fastq.gz	/Volumes/kueck/ovarian_cancer_cisplatin_response_manuscript/geo_metadata/data/220829_VL00320_AAC7WHVM5_AAC5JYKM5_AAC5K32M5/fastq/6_S6_R2_001_Run220825.fastq.gz	a32bb90f5eeab3f258541ccf0f1351f9	6_S6_R2_001_Run220825.fastq.gz
7_S7_R1_001_Run220825	/Volumes/kueck/FASTQ/CellLines/RNA-Seq/220825_VL00320_15_AAC5JYKM5/Analysis/1/Data/fastq/7_S7_R1_001.fastq.gz	/Volumes/kueck/ovarian_cancer_cisplatin_response_manuscript/geo_metadata/data/220829_VL00320_AAC7WHVM5_AAC5JYKM5_AAC5K32M5/fastq/7_S7_R1_001_Run220825.fastq.gz	ddfa454256304fb2a04e1ca6eb209acc	7_S7_R1_001_Run220825.fastq.gz
7_S7_R2_001_Run220825	/Volumes/kueck/FASTQ/CellLines/RNA-Seq/220825_VL00320_15_AAC5JYKM5/Analysis/1/Data/fastq/7_S7_R2_001.fastq.gz	/Volumes/kueck/ovarian_cancer_cisplatin_response_manuscript/geo_metadata/data/220829_VL00320_AAC7WHVM5_AAC5JYKM5_AAC5K32M5/fastq/7_S7_R2_001_Run220825.fastq.gz	9c75511be0a898489a7fe414c589c67c	7_S7_R2_001_Run220825.fastq.gz
8_S8_R1_001_Run220825	/Volumes/kueck/FASTQ/CellLines/RNA-Seq/220825_VL00320_15_AAC5JYKM5/Analysis/1/Data/fastq/8_S8_R1_001.fastq.gz	/Volumes/kueck/ovarian_cancer_cisplatin_response_manuscript/geo_metadata/data/220829_VL00320_AAC7WHVM5_AAC5JYKM5_AAC5K32M5/fastq/8_S8_R1_001_Run220825.fastq.gz	0d1542ae3a69eb1be8ffa9ae776087bf	8_S8_R1_001_Run220825.fastq.gz
8_S8_R2_001_Run220825	/Volumes/kueck/FASTQ/CellLines/RNA-Seq/220825_VL00320_15_AAC5JYKM5/Analysis/1/Data/fastq/8_S8_R2_001.fastq.gz	/Volumes/kueck/ovarian_cancer_cisplatin_response_manuscript/geo_metadata/data/220829_VL00320_AAC7WHVM5_AAC5JYKM5_AAC5K32M5/fastq/8_S8_R2_001_Run220825.fastq.gz	f3cab8c997b62339815021a25fa81deb	8_S8_R2_001_Run220825.fastq.gz
9_S9_R1_001_Run220825	/Volumes/kueck/FASTQ/CellLines/RNA-Seq/220825_VL00320_15_AAC5JYKM5/Analysis/1/Data/fastq/9_S9_R1_001.fastq.gz	/Volumes/kueck/ovarian_cancer_cisplatin_response_manuscript/geo_metadata/data/220829_VL00320_AAC7WHVM5_AAC5JYKM5_AAC5K32M5/fastq/9_S9_R1_001_Run220825.fastq.gz	51aa8419c67b715a201c24b22d248aa6	9_S9_R1_001_Run220825.fastq.gz
9_S9_R2_001_Run220825	/Volumes/kueck/FASTQ/CellLines/RNA-Seq/220825_VL00320_15_AAC5JYKM5/Analysis/1/Data/fastq/9_S9_R2_001.fastq.gz	/Volumes/kueck/ovarian_cancer_cisplatin_response_manuscript/geo_metadata/data/220829_VL00320_AAC7WHVM5_AAC5JYKM5_AAC5K32M5/fastq/9_S9_R2_001_Run220825.fastq.gz	6bb414163f6b655fe823f6df72cb5055	9_S9_R2_001_Run220825.fastq.gz
10_S10_R1_001_Run220825	/Volumes/kueck/FASTQ/CellLines/RNA-Seq/220825_VL00320_15_AAC5JYKM5/Analysis/1/Data/fastq/10_S10_R1_001.fastq.gz	/Volumes/kueck/ovarian_cancer_cisplatin_response_manuscript/geo_metadata/data/220829_VL00320_AAC7WHVM5_AAC5JYKM5_AAC5K32M5/fastq/10_S10_R1_001_Run220825.fastq.gz	4ea8a1848ba4583766d0dde766fe50bf	10_S10_R1_001_Run220825.fastq.gz
10_S10_R2_001_Run220825	/Volumes/kueck/FASTQ/CellLines/RNA-Seq/220825_VL00320_15_AAC5JYKM5/Analysis/1/Data/fastq/10_S10_R2_001.fastq.gz	/Volumes/kueck/ovarian_cancer_cisplatin_response_manuscript/geo_metadata/data/220829_VL00320_AAC7WHVM5_AAC5JYKM5_AAC5K32M5/fastq/10_S10_R2_001_Run220825.fastq.gz	b483a1051743b470b62384c7191e2bb2	10_S10_R2_001_Run220825.fastq.gz
11_S11_R1_001_Run220825	/Volumes/kueck/FASTQ/CellLines/RNA-Seq/220825_VL00320_15_AAC5JYKM5/Analysis/1/Data/fastq/11_S11_R1_001.fastq.gz	/Volumes/kueck/ovarian_cancer_cisplatin_response_manuscript/geo_metadata/data/220829_VL00320_AAC7WHVM5_AAC5JYKM5_AAC5K32M5/fastq/11_S11_R1_001_Run220825.fastq.gz	71931ecee7a4ed66d489a9673cb23fa3	11_S11_R1_001_Run220825.fastq.gz
11_S11_R2_001_Run220825	/Volumes/kueck/FASTQ/CellLines/RNA-Seq/220825_VL00320_15_AAC5JYKM5/Analysis/1/Data/fastq/11_S11_R2_001.fastq.gz	/Volumes/kueck/ovarian_cancer_cisplatin_response_manuscript/geo_metadata/data/220829_VL00320_AAC7WHVM5_AAC5JYKM5_AAC5K32M5/fastq/11_S11_R2_001_Run220825.fastq.gz	03da66c1d757a83c71a61363229cc940	11_S11_R2_001_Run220825.fastq.gz
12_S12_R1_001_Run220825	/Volumes/kueck/FASTQ/CellLines/RNA-Seq/220825_VL00320_15_AAC5JYKM5/Analysis/1/Data/fastq/12_S12_R1_001.fastq.gz	/Volumes/kueck/ovarian_cancer_cisplatin_response_manuscript/geo_metadata/data/220829_VL00320_AAC7WHVM5_AAC5JYKM5_AAC5K32M5/fastq/12_S12_R1_001_Run220825.fastq.gz	65b288876f8e6ec95a7ad4c989c83925	12_S12_R1_001_Run220825.fastq.gz
12_S12_R2_001_Run220825	/Volumes/kueck/FASTQ/CellLines/RNA-Seq/220825_VL00320_15_AAC5JYKM5/Analysis/1/Data/fastq/12_S12_R2_001.fastq.gz	/Volumes/kueck/ovarian_cancer_cisplatin_response_manuscript/geo_metadata/data/220829_VL00320_AAC7WHVM5_AAC5JYKM5_AAC5K32M5/fastq/12_S12_R2_001_Run220825.fastq.gz	27c049d69d3f35f2bb01765aae130a51	12_S12_R2_001_Run220825.fastq.gz
13_S13_R1_001_Run220825	/Volumes/kueck/FASTQ/CellLines/RNA-Seq/220825_VL00320_15_AAC5JYKM5/Analysis/1/Data/fastq/13_S13_R1_001.fastq.gz	/Volumes/kueck/ovarian_cancer_cisplatin_response_manuscript/geo_metadata/data/220829_VL00320_AAC7WHVM5_AAC5JYKM5_AAC5K32M5/fastq/13_S13_R1_001_Run220825.fastq.gz	3abd418812f90048c77848fef09c5eff	13_S13_R1_001_Run220825.fastq.gz
13_S13_R2_001_Run220825	/Volumes/kueck/FASTQ/CellLines/RNA-Seq/220825_VL00320_15_AAC5JYKM5/Analysis/1/Data/fastq/13_S13_R2_001.fastq.gz	/Volumes/kueck/ovarian_cancer_cisplatin_response_manuscript/geo_metadata/data/220829_VL00320_AAC7WHVM5_AAC5JYKM5_AAC5K32M5/fastq/13_S13_R2_001_Run220825.fastq.gz	17de0887e8407ba092d033abcc339b67	13_S13_R2_001_Run220825.fastq.gz
14_S14_R1_001_Run220825	/Volumes/kueck/FASTQ/CellLines/RNA-Seq/220825_VL00320_15_AAC5JYKM5/Analysis/1/Data/fastq/14_S14_R1_001.fastq.gz	/Volumes/kueck/ovarian_cancer_cisplatin_response_manuscript/geo_metadata/data/220829_VL00320_AAC7WHVM5_AAC5JYKM5_AAC5K32M5/fastq/14_S14_R1_001_Run220825.fastq.gz	a551318c1afb520cf8c8a1eaf1f9b4db	14_S14_R1_001_Run220825.fastq.gz
14_S14_R2_001_Run220825	/Volumes/kueck/FASTQ/CellLines/RNA-Seq/220825_VL00320_15_AAC5JYKM5/Analysis/1/Data/fastq/14_S14_R2_001.fastq.gz	/Volumes/kueck/ovarian_cancer_cisplatin_response_manuscript/geo_metadata/data/220829_VL00320_AAC7WHVM5_AAC5JYKM5_AAC5K32M5/fastq/14_S14_R2_001_Run220825.fastq.gz	b71ea91fc983b2164ff071acf8e54bf8	14_S14_R2_001_Run220825.fastq.gz
15_S15_R1_001_Run220825	/Volumes/kueck/FASTQ/CellLines/RNA-Seq/220825_VL00320_15_AAC5JYKM5/Analysis/1/Data/fastq/15_S15_R1_001.fastq.gz	/Volumes/kueck/ovarian_cancer_cisplatin_response_manuscript/geo_metadata/data/220829_VL00320_AAC7WHVM5_AAC5JYKM5_AAC5K32M5/fastq/15_S15_R1_001_Run220825.fastq.gz	031caead04048f18ebd76e1e31c8cc28	15_S15_R1_001_Run220825.fastq.gz
15_S15_R2_001_Run220825	/Volumes/kueck/FASTQ/CellLines/RNA-Seq/220825_VL00320_15_AAC5JYKM5/Analysis/1/Data/fastq/15_S15_R2_001.fastq.gz	/Volumes/kueck/ovarian_cancer_cisplatin_response_manuscript/geo_metadata/data/220829_VL00320_AAC7WHVM5_AAC5JYKM5_AAC5K32M5/fastq/15_S15_R2_001_Run220825.fastq.gz	045a3fc274d996bd5c83feeffba13b76	15_S15_R2_001_Run220825.fastq.gz
16_S16_R1_001_Run220825	/Volumes/kueck/FASTQ/CellLines/RNA-Seq/220825_VL00320_15_AAC5JYKM5/Analysis/1/Data/fastq/16_S16_R1_001.fastq.gz	/Volumes/kueck/ovarian_cancer_cisplatin_response_manuscript/geo_metadata/data/220829_VL00320_AAC7WHVM5_AAC5JYKM5_AAC5K32M5/fastq/16_S16_R1_001_Run220825.fastq.gz	6505ff519b5376c96c4b25defaf963c6	16_S16_R1_001_Run220825.fastq.gz
16_S16_R2_001_Run220825	/Volumes/kueck/FASTQ/CellLines/RNA-Seq/220825_VL00320_15_AAC5JYKM5/Analysis/1/Data/fastq/16_S16_R2_001.fastq.gz	/Volumes/kueck/ovarian_cancer_cisplatin_response_manuscript/geo_metadata/data/220829_VL00320_AAC7WHVM5_AAC5JYKM5_AAC5K32M5/fastq/16_S16_R2_001_Run220825.fastq.gz	6b5dc1fdb6a5fc0d53f4688b33ca3534	16_S16_R2_001_Run220825.fastq.gz
17_S17_R1_001_Run220825	/Volumes/kueck/FASTQ/CellLines/RNA-Seq/220825_VL00320_15_AAC5JYKM5/Analysis/1/Data/fastq/17_S17_R1_001.fastq.gz	/Volumes/kueck/ovarian_cancer_cisplatin_response_manuscript/geo_metadata/data/220829_VL00320_AAC7WHVM5_AAC5JYKM5_AAC5K32M5/fastq/17_S17_R1_001_Run220825.fastq.gz	d15aaf040e1ef830575f16a87d31c73a	17_S17_R1_001_Run220825.fastq.gz
17_S17_R2_001_Run220825	/Volumes/kueck/FASTQ/CellLines/RNA-Seq/220825_VL00320_15_AAC5JYKM5/Analysis/1/Data/fastq/17_S17_R2_001.fastq.gz	/Volumes/kueck/ovarian_cancer_cisplatin_response_manuscript/geo_metadata/data/220829_VL00320_AAC7WHVM5_AAC5JYKM5_AAC5K32M5/fastq/17_S17_R2_001_Run220825.fastq.gz	946ba2146be966628e496c03e5b0c017	17_S17_R2_001_Run220825.fastq.gz
18_S18_R1_001_Run220825	/Volumes/kueck/FASTQ/CellLines/RNA-Seq/220825_VL00320_15_AAC5JYKM5/Analysis/1/Data/fastq/18_S18_R1_001.fastq.gz	/Volumes/kueck/ovarian_cancer_cisplatin_response_manuscript/geo_metadata/data/220829_VL00320_AAC7WHVM5_AAC5JYKM5_AAC5K32M5/fastq/18_S18_R1_001_Run220825.fastq.gz	6dfd430dd093399a8ce7e22eb9a4f39c	18_S18_R1_001_Run220825.fastq.gz
18_S18_R2_001_Run220825	/Volumes/kueck/FASTQ/CellLines/RNA-Seq/220825_VL00320_15_AAC5JYKM5/Analysis/1/Data/fastq/18_S18_R2_001.fastq.gz	/Volumes/kueck/ovarian_cancer_cisplatin_response_manuscript/geo_metadata/data/220829_VL00320_AAC7WHVM5_AAC5JYKM5_AAC5K32M5/fastq/18_S18_R2_001_Run220825.fastq.gz	79598f131be7b6103a771d353b1ba351	18_S18_R2_001_Run220825.fastq.gz
19_S19_R1_001_Run220825	/Volumes/kueck/FASTQ/CellLines/RNA-Seq/220825_VL00320_15_AAC5JYKM5/Analysis/1/Data/fastq/19_S19_R1_001.fastq.gz	/Volumes/kueck/ovarian_cancer_cisplatin_response_manuscript/geo_metadata/data/220829_VL00320_AAC7WHVM5_AAC5JYKM5_AAC5K32M5/fastq/19_S19_R1_001_Run220825.fastq.gz	b6e2dd5a326428c8d9fc5b004acc2ecf	19_S19_R1_001_Run220825.fastq.gz
19_S19_R2_001_Run220825	/Volumes/kueck/FASTQ/CellLines/RNA-Seq/220825_VL00320_15_AAC5JYKM5/Analysis/1/Data/fastq/19_S19_R2_001.fastq.gz	/Volumes/kueck/ovarian_cancer_cisplatin_response_manuscript/geo_metadata/data/220829_VL00320_AAC7WHVM5_AAC5JYKM5_AAC5K32M5/fastq/19_S19_R2_001_Run220825.fastq.gz	4ed675284429e20a0ce03cf10104e535	19_S19_R2_001_Run220825.fastq.gz
20_S20_R1_001_Run220825	/Volumes/kueck/FASTQ/CellLines/RNA-Seq/220825_VL00320_15_AAC5JYKM5/Analysis/1/Data/fastq/20_S20_R1_001.fastq.gz	/Volumes/kueck/ovarian_cancer_cisplatin_response_manuscript/geo_metadata/data/220829_VL00320_AAC7WHVM5_AAC5JYKM5_AAC5K32M5/fastq/20_S20_R1_001_Run220825.fastq.gz	bb6706efcca71d39738956bb44cce4cf	20_S20_R1_001_Run220825.fastq.gz
20_S20_R2_001_Run220825	/Volumes/kueck/FASTQ/CellLines/RNA-Seq/220825_VL00320_15_AAC5JYKM5/Analysis/1/Data/fastq/20_S20_R2_001.fastq.gz	/Volumes/kueck/ovarian_cancer_cisplatin_response_manuscript/geo_metadata/data/220829_VL00320_AAC7WHVM5_AAC5JYKM5_AAC5K32M5/fastq/20_S20_R2_001_Run220825.fastq.gz	3eb6b9ca4f1101a699c73239533551c0	20_S20_R2_001_Run220825.fastq.gz
21_S21_R1_001_Run220825	/Volumes/kueck/FASTQ/CellLines/RNA-Seq/220825_VL00320_15_AAC5JYKM5/Analysis/1/Data/fastq/21_S21_R1_001.fastq.gz	/Volumes/kueck/ovarian_cancer_cisplatin_response_manuscript/geo_metadata/data/220829_VL00320_AAC7WHVM5_AAC5JYKM5_AAC5K32M5/fastq/21_S21_R1_001_Run220825.fastq.gz	d475523a9d9f7e47fbdb0e61ff365081	21_S21_R1_001_Run220825.fastq.gz
21_S21_R2_001_Run220825	/Volumes/kueck/FASTQ/CellLines/RNA-Seq/220825_VL00320_15_AAC5JYKM5/Analysis/1/Data/fastq/21_S21_R2_001.fastq.gz	/Volumes/kueck/ovarian_cancer_cisplatin_response_manuscript/geo_metadata/data/220829_VL00320_AAC7WHVM5_AAC5JYKM5_AAC5K32M5/fastq/21_S21_R2_001_Run220825.fastq.gz	c027d82c5b5b5d758a642017217dcd9d	21_S21_R2_001_Run220825.fastq.gz
22_S22_R1_001_Run220825	/Volumes/kueck/FASTQ/CellLines/RNA-Seq/220825_VL00320_15_AAC5JYKM5/Analysis/1/Data/fastq/22_S22_R1_001.fastq.gz	/Volumes/kueck/ovarian_cancer_cisplatin_response_manuscript/geo_metadata/data/220829_VL00320_AAC7WHVM5_AAC5JYKM5_AAC5K32M5/fastq/22_S22_R1_001_Run220825.fastq.gz	fc12ee067df24bbf8ed3f13978e35ab0	22_S22_R1_001_Run220825.fastq.gz
22_S22_R2_001_Run220825	/Volumes/kueck/FASTQ/CellLines/RNA-Seq/220825_VL00320_15_AAC5JYKM5/Analysis/1/Data/fastq/22_S22_R2_001.fastq.gz	/Volumes/kueck/ovarian_cancer_cisplatin_response_manuscript/geo_metadata/data/220829_VL00320_AAC7WHVM5_AAC5JYKM5_AAC5K32M5/fastq/22_S22_R2_001_Run220825.fastq.gz	f5fa4a7cad0ce28614582da5599bb17a	22_S22_R2_001_Run220825.fastq.gz
23_S23_R1_001_Run220825	/Volumes/kueck/FASTQ/CellLines/RNA-Seq/220825_VL00320_15_AAC5JYKM5/Analysis/1/Data/fastq/23_S23_R1_001.fastq.gz	/Volumes/kueck/ovarian_cancer_cisplatin_response_manuscript/geo_metadata/data/220829_VL00320_AAC7WHVM5_AAC5JYKM5_AAC5K32M5/fastq/23_S23_R1_001_Run220825.fastq.gz	4f86d461e69949cb961e9d195051d9da	23_S23_R1_001_Run220825.fastq.gz
23_S23_R2_001_Run220825	/Volumes/kueck/FASTQ/CellLines/RNA-Seq/220825_VL00320_15_AAC5JYKM5/Analysis/1/Data/fastq/23_S23_R2_001.fastq.gz	/Volumes/kueck/ovarian_cancer_cisplatin_response_manuscript/geo_metadata/data/220829_VL00320_AAC7WHVM5_AAC5JYKM5_AAC5K32M5/fastq/23_S23_R2_001_Run220825.fastq.gz	b4f33bb466596daafa65b4d6eb03f80b	23_S23_R2_001_Run220825.fastq.gz
24_S24_R1_001_Run220825	/Volumes/kueck/FASTQ/CellLines/RNA-Seq/220825_VL00320_15_AAC5JYKM5/Analysis/1/Data/fastq/24_S24_R1_001.fastq.gz	/Volumes/kueck/ovarian_cancer_cisplatin_response_manuscript/geo_metadata/data/220829_VL00320_AAC7WHVM5_AAC5JYKM5_AAC5K32M5/fastq/24_S24_R1_001_Run220825.fastq.gz	bb15980b8025636b76273a705caa83e9	24_S24_R1_001_Run220825.fastq.gz
24_S24_R2_001_Run220825	/Volumes/kueck/FASTQ/CellLines/RNA-Seq/220825_VL00320_15_AAC5JYKM5/Analysis/1/Data/fastq/24_S24_R2_001.fastq.gz	/Volumes/kueck/ovarian_cancer_cisplatin_response_manuscript/geo_metadata/data/220829_VL00320_AAC7WHVM5_AAC5JYKM5_AAC5K32M5/fastq/24_S24_R2_001_Run220825.fastq.gz	7e226e1778f0bf8970ddf07961538348	24_S24_R2_001_Run220825.fastq.gz
25_S25_R1_001_Run220825	/Volumes/kueck/FASTQ/CellLines/RNA-Seq/220825_VL00320_15_AAC5JYKM5/Analysis/1/Data/fastq/25_S25_R1_001.fastq.gz	/Volumes/kueck/ovarian_cancer_cisplatin_response_manuscript/geo_metadata/data/220829_VL00320_AAC7WHVM5_AAC5JYKM5_AAC5K32M5/fastq/25_S25_R1_001_Run220825.fastq.gz	bc9fcf2a675cd305ba141a82cb2c4043	25_S25_R1_001_Run220825.fastq.gz
25_S25_R2_001_Run220825	/Volumes/kueck/FASTQ/CellLines/RNA-Seq/220825_VL00320_15_AAC5JYKM5/Analysis/1/Data/fastq/25_S25_R2_001.fastq.gz	/Volumes/kueck/ovarian_cancer_cisplatin_response_manuscript/geo_metadata/data/220829_VL00320_AAC7WHVM5_AAC5JYKM5_AAC5K32M5/fastq/25_S25_R2_001_Run220825.fastq.gz	f568563c9d894298aaeaba7a23bbbc9c	25_S25_R2_001_Run220825.fastq.gz
26_S26_R1_001_Run220825	/Volumes/kueck/FASTQ/CellLines/RNA-Seq/220825_VL00320_15_AAC5JYKM5/Analysis/1/Data/fastq/26_S26_R1_001.fastq.gz	/Volumes/kueck/ovarian_cancer_cisplatin_response_manuscript/geo_metadata/data/220829_VL00320_AAC7WHVM5_AAC5JYKM5_AAC5K32M5/fastq/26_S26_R1_001_Run220825.fastq.gz	1b8b32af4511f1052e08f7890181af4e	26_S26_R1_001_Run220825.fastq.gz
26_S26_R2_001_Run220825	/Volumes/kueck/FASTQ/CellLines/RNA-Seq/220825_VL00320_15_AAC5JYKM5/Analysis/1/Data/fastq/26_S26_R2_001.fastq.gz	/Volumes/kueck/ovarian_cancer_cisplatin_response_manuscript/geo_metadata/data/220829_VL00320_AAC7WHVM5_AAC5JYKM5_AAC5K32M5/fastq/26_S26_R2_001_Run220825.fastq.gz	33cea68477a7c6a74d4509546c0c7e13	26_S26_R2_001_Run220825.fastq.gz
27_S27_R1_001_Run220825	/Volumes/kueck/FASTQ/CellLines/RNA-Seq/220825_VL00320_15_AAC5JYKM5/Analysis/1/Data/fastq/27_S27_R1_001.fastq.gz	/Volumes/kueck/ovarian_cancer_cisplatin_response_manuscript/geo_metadata/data/220829_VL00320_AAC7WHVM5_AAC5JYKM5_AAC5K32M5/fastq/27_S27_R1_001_Run220825.fastq.gz	70eea6d19dd489342dd07b1f25501fc5	27_S27_R1_001_Run220825.fastq.gz
27_S27_R2_001_Run220825	/Volumes/kueck/FASTQ/CellLines/RNA-Seq/220825_VL00320_15_AAC5JYKM5/Analysis/1/Data/fastq/27_S27_R2_001.fastq.gz	/Volumes/kueck/ovarian_cancer_cisplatin_response_manuscript/geo_metadata/data/220829_VL00320_AAC7WHVM5_AAC5JYKM5_AAC5K32M5/fastq/27_S27_R2_001_Run220825.fastq.gz	dc2eabdee6521c9ea6d81b89fd4a8a39	27_S27_R2_001_Run220825.fastq.gz
28_S28_R1_001_Run220825	/Volumes/kueck/FASTQ/CellLines/RNA-Seq/220825_VL00320_15_AAC5JYKM5/Analysis/1/Data/fastq/28_S28_R1_001.fastq.gz	/Volumes/kueck/ovarian_cancer_cisplatin_response_manuscript/geo_metadata/data/220829_VL00320_AAC7WHVM5_AAC5JYKM5_AAC5K32M5/fastq/28_S28_R1_001_Run220825.fastq.gz	62c4db403229145fe872ab517e30d0ef	28_S28_R1_001_Run220825.fastq.gz
28_S28_R2_001_Run220825	/Volumes/kueck/FASTQ/CellLines/RNA-Seq/220825_VL00320_15_AAC5JYKM5/Analysis/1/Data/fastq/28_S28_R2_001.fastq.gz	/Volumes/kueck/ovarian_cancer_cisplatin_response_manuscript/geo_metadata/data/220829_VL00320_AAC7WHVM5_AAC5JYKM5_AAC5K32M5/fastq/28_S28_R2_001_Run220825.fastq.gz	f4b20c576c46b4b4561fe150c3b444d9	28_S28_R2_001_Run220825.fastq.gz
29_S29_R1_001_Run220825	/Volumes/kueck/FASTQ/CellLines/RNA-Seq/220825_VL00320_15_AAC5JYKM5/Analysis/1/Data/fastq/29_S29_R1_001.fastq.gz	/Volumes/kueck/ovarian_cancer_cisplatin_response_manuscript/geo_metadata/data/220829_VL00320_AAC7WHVM5_AAC5JYKM5_AAC5K32M5/fastq/29_S29_R1_001_Run220825.fastq.gz	944abbc57668fc5c875635f0dfe7bead	29_S29_R1_001_Run220825.fastq.gz
29_S29_R2_001_Run220825	/Volumes/kueck/FASTQ/CellLines/RNA-Seq/220825_VL00320_15_AAC5JYKM5/Analysis/1/Data/fastq/29_S29_R2_001.fastq.gz	/Volumes/kueck/ovarian_cancer_cisplatin_response_manuscript/geo_metadata/data/220829_VL00320_AAC7WHVM5_AAC5JYKM5_AAC5K32M5/fastq/29_S29_R2_001_Run220825.fastq.gz	41317f6ea25f52f1449fd0d0457ba37f	29_S29_R2_001_Run220825.fastq.gz
30_S30_R1_001_Run220825	/Volumes/kueck/FASTQ/CellLines/RNA-Seq/220825_VL00320_15_AAC5JYKM5/Analysis/1/Data/fastq/30_S30_R1_001.fastq.gz	/Volumes/kueck/ovarian_cancer_cisplatin_response_manuscript/geo_metadata/data/220829_VL00320_AAC7WHVM5_AAC5JYKM5_AAC5K32M5/fastq/30_S30_R1_001_Run220825.fastq.gz	fd176d2a16ae51e59f147320c03c329c	30_S30_R1_001_Run220825.fastq.gz
30_S30_R2_001_Run220825	/Volumes/kueck/FASTQ/CellLines/RNA-Seq/220825_VL00320_15_AAC5JYKM5/Analysis/1/Data/fastq/30_S30_R2_001.fastq.gz	/Volumes/kueck/ovarian_cancer_cisplatin_response_manuscript/geo_metadata/data/220829_VL00320_AAC7WHVM5_AAC5JYKM5_AAC5K32M5/fastq/30_S30_R2_001_Run220825.fastq.gz	d1812e7087c57f3328a627e8419a8171	30_S30_R2_001_Run220825.fastq.gz
31_S31_R1_001_Run220825	/Volumes/kueck/FASTQ/CellLines/RNA-Seq/220825_VL00320_15_AAC5JYKM5/Analysis/1/Data/fastq/31_S31_R1_001.fastq.gz	/Volumes/kueck/ovarian_cancer_cisplatin_response_manuscript/geo_metadata/data/220829_VL00320_AAC7WHVM5_AAC5JYKM5_AAC5K32M5/fastq/31_S31_R1_001_Run220825.fastq.gz	5fbbcb83bdd6066e88e022c5b0562cf5	31_S31_R1_001_Run220825.fastq.gz
31_S31_R2_001_Run220825	/Volumes/kueck/FASTQ/CellLines/RNA-Seq/220825_VL00320_15_AAC5JYKM5/Analysis/1/Data/fastq/31_S31_R2_001.fastq.gz	/Volumes/kueck/ovarian_cancer_cisplatin_response_manuscript/geo_metadata/data/220829_VL00320_AAC7WHVM5_AAC5JYKM5_AAC5K32M5/fastq/31_S31_R2_001_Run220825.fastq.gz	fc772547f1b2fe14aceff09b82b52a15	31_S31_R2_001_Run220825.fastq.gz
32_S32_R1_001_Run220825	/Volumes/kueck/FASTQ/CellLines/RNA-Seq/220825_VL00320_15_AAC5JYKM5/Analysis/1/Data/fastq/32_S32_R1_001.fastq.gz	/Volumes/kueck/ovarian_cancer_cisplatin_response_manuscript/geo_metadata/data/220829_VL00320_AAC7WHVM5_AAC5JYKM5_AAC5K32M5/fastq/32_S32_R1_001_Run220825.fastq.gz	90c894343eba38027e592e5cc7a3d56e	32_S32_R1_001_Run220825.fastq.gz
32_S32_R2_001_Run220825	/Volumes/kueck/FASTQ/CellLines/RNA-Seq/220825_VL00320_15_AAC5JYKM5/Analysis/1/Data/fastq/32_S32_R2_001.fastq.gz	/Volumes/kueck/ovarian_cancer_cisplatin_response_manuscript/geo_metadata/data/220829_VL00320_AAC7WHVM5_AAC5JYKM5_AAC5K32M5/fastq/32_S32_R2_001_Run220825.fastq.gz	2bdc0f6fcb9c260e023131dadd24e251	32_S32_R2_001_Run220825.fastq.gz
33_S33_R1_001_Run220825	/Volumes/kueck/FASTQ/CellLines/RNA-Seq/220825_VL00320_15_AAC5JYKM5/Analysis/1/Data/fastq/33_S33_R1_001.fastq.gz	/Volumes/kueck/ovarian_cancer_cisplatin_response_manuscript/geo_metadata/data/220829_VL00320_AAC7WHVM5_AAC5JYKM5_AAC5K32M5/fastq/33_S33_R1_001_Run220825.fastq.gz	f1854ee9de1ae1696a48d26453f74a47	33_S33_R1_001_Run220825.fastq.gz
33_S33_R2_001_Run220825	/Volumes/kueck/FASTQ/CellLines/RNA-Seq/220825_VL00320_15_AAC5JYKM5/Analysis/1/Data/fastq/33_S33_R2_001.fastq.gz	/Volumes/kueck/ovarian_cancer_cisplatin_response_manuscript/geo_metadata/data/220829_VL00320_AAC7WHVM5_AAC5JYKM5_AAC5K32M5/fastq/33_S33_R2_001_Run220825.fastq.gz	aee620586e3d86cad8130c1dbb806061	33_S33_R2_001_Run220825.fastq.gz
34_S34_R1_001_Run220825	/Volumes/kueck/FASTQ/CellLines/RNA-Seq/220825_VL00320_15_AAC5JYKM5/Analysis/1/Data/fastq/34_S34_R1_001.fastq.gz	/Volumes/kueck/ovarian_cancer_cisplatin_response_manuscript/geo_metadata/data/220829_VL00320_AAC7WHVM5_AAC5JYKM5_AAC5K32M5/fastq/34_S34_R1_001_Run220825.fastq.gz	6efb0682017926d62393ad5ce2268f5a	34_S34_R1_001_Run220825.fastq.gz
34_S34_R2_001_Run220825	/Volumes/kueck/FASTQ/CellLines/RNA-Seq/220825_VL00320_15_AAC5JYKM5/Analysis/1/Data/fastq/34_S34_R2_001.fastq.gz	/Volumes/kueck/ovarian_cancer_cisplatin_response_manuscript/geo_metadata/data/220829_VL00320_AAC7WHVM5_AAC5JYKM5_AAC5K32M5/fastq/34_S34_R2_001_Run220825.fastq.gz	eb7a795ad8561b7b524fccc2210cc194	34_S34_R2_001_Run220825.fastq.gz
35_S35_R1_001_Run220825	/Volumes/kueck/FASTQ/CellLines/RNA-Seq/220825_VL00320_15_AAC5JYKM5/Analysis/1/Data/fastq/35_S35_R1_001.fastq.gz	/Volumes/kueck/ovarian_cancer_cisplatin_response_manuscript/geo_metadata/data/220829_VL00320_AAC7WHVM5_AAC5JYKM5_AAC5K32M5/fastq/35_S35_R1_001_Run220825.fastq.gz	56bb0357bbd63a3806b80cc3a1e3c1a2	35_S35_R1_001_Run220825.fastq.gz
35_S35_R2_001_Run220825	/Volumes/kueck/FASTQ/CellLines/RNA-Seq/220825_VL00320_15_AAC5JYKM5/Analysis/1/Data/fastq/35_S35_R2_001.fastq.gz	/Volumes/kueck/ovarian_cancer_cisplatin_response_manuscript/geo_metadata/data/220829_VL00320_AAC7WHVM5_AAC5JYKM5_AAC5K32M5/fastq/35_S35_R2_001_Run220825.fastq.gz	4089e014935af7e87f164c6cc1ea2586	35_S35_R2_001_Run220825.fastq.gz
36_S36_R1_001_Run220825	/Volumes/kueck/FASTQ/CellLines/RNA-Seq/220825_VL00320_15_AAC5JYKM5/Analysis/1/Data/fastq/36_S36_R1_001.fastq.gz	/Volumes/kueck/ovarian_cancer_cisplatin_response_manuscript/geo_metadata/data/220829_VL00320_AAC7WHVM5_AAC5JYKM5_AAC5K32M5/fastq/36_S36_R1_001_Run220825.fastq.gz	2a59bbf7ad795542a394d4d7594157f8	36_S36_R1_001_Run220825.fastq.gz
36_S36_R2_001_Run220825	/Volumes/kueck/FASTQ/CellLines/RNA-Seq/220825_VL00320_15_AAC5JYKM5/Analysis/1/Data/fastq/36_S36_R2_001.fastq.gz	/Volumes/kueck/ovarian_cancer_cisplatin_response_manuscript/geo_metadata/data/220829_VL00320_AAC7WHVM5_AAC5JYKM5_AAC5K32M5/fastq/36_S36_R2_001_Run220825.fastq.gz	2be117210984bf5f76a81f0ade07e10a	36_S36_R2_001_Run220825.fastq.gz
1_S1_R1_001_Run220826	/Volumes/kueck/FASTQ/CellLines/RNA-Seq/220826_VL00320_16_AAC5K32M5/Analysis/1/Data/fastq/1_S1_R1_001.fastq.gz	/Volumes/kueck/ovarian_cancer_cisplatin_response_manuscript/geo_metadata/data/220829_VL00320_AAC7WHVM5_AAC5JYKM5_AAC5K32M5/fastq/1_S1_R1_001_Run220826.fastq.gz	a9b8c880c84169cd46fdb3765f3a9888	1_S1_R1_001_Run220826.fastq.gz
1_S1_R2_001_Run220826	/Volumes/kueck/FASTQ/CellLines/RNA-Seq/220826_VL00320_16_AAC5K32M5/Analysis/1/Data/fastq/1_S1_R2_001.fastq.gz	/Volumes/kueck/ovarian_cancer_cisplatin_response_manuscript/geo_metadata/data/220829_VL00320_AAC7WHVM5_AAC5JYKM5_AAC5K32M5/fastq/1_S1_R2_001_Run220826.fastq.gz	9bb57ba4aa61e69fcc65d6c8f5394e04	1_S1_R2_001_Run220826.fastq.gz
2_S2_R1_001_Run220826	/Volumes/kueck/FASTQ/CellLines/RNA-Seq/220826_VL00320_16_AAC5K32M5/Analysis/1/Data/fastq/2_S2_R1_001.fastq.gz	/Volumes/kueck/ovarian_cancer_cisplatin_response_manuscript/geo_metadata/data/220829_VL00320_AAC7WHVM5_AAC5JYKM5_AAC5K32M5/fastq/2_S2_R1_001_Run220826.fastq.gz	fcb686e9cda749779c72993ce0248b55	2_S2_R1_001_Run220826.fastq.gz
2_S2_R2_001_Run220826	/Volumes/kueck/FASTQ/CellLines/RNA-Seq/220826_VL00320_16_AAC5K32M5/Analysis/1/Data/fastq/2_S2_R2_001.fastq.gz	/Volumes/kueck/ovarian_cancer_cisplatin_response_manuscript/geo_metadata/data/220829_VL00320_AAC7WHVM5_AAC5JYKM5_AAC5K32M5/fastq/2_S2_R2_001_Run220826.fastq.gz	6555bf862dcf5e636adc0f483c0cd975	2_S2_R2_001_Run220826.fastq.gz
3_S3_R1_001_Run220826	/Volumes/kueck/FASTQ/CellLines/RNA-Seq/220826_VL00320_16_AAC5K32M5/Analysis/1/Data/fastq/3_S3_R1_001.fastq.gz	/Volumes/kueck/ovarian_cancer_cisplatin_response_manuscript/geo_metadata/data/220829_VL00320_AAC7WHVM5_AAC5JYKM5_AAC5K32M5/fastq/3_S3_R1_001_Run220826.fastq.gz	99ef9d0f8886170a041674805b05d547	3_S3_R1_001_Run220826.fastq.gz
3_S3_R2_001_Run220826	/Volumes/kueck/FASTQ/CellLines/RNA-Seq/220826_VL00320_16_AAC5K32M5/Analysis/1/Data/fastq/3_S3_R2_001.fastq.gz	/Volumes/kueck/ovarian_cancer_cisplatin_response_manuscript/geo_metadata/data/220829_VL00320_AAC7WHVM5_AAC5JYKM5_AAC5K32M5/fastq/3_S3_R2_001_Run220826.fastq.gz	eabcb5403ed60244e7951ebc8cde92ba	3_S3_R2_001_Run220826.fastq.gz
4_S4_R1_001_Run220826	/Volumes/kueck/FASTQ/CellLines/RNA-Seq/220826_VL00320_16_AAC5K32M5/Analysis/1/Data/fastq/4_S4_R1_001.fastq.gz	/Volumes/kueck/ovarian_cancer_cisplatin_response_manuscript/geo_metadata/data/220829_VL00320_AAC7WHVM5_AAC5JYKM5_AAC5K32M5/fastq/4_S4_R1_001_Run220826.fastq.gz	b37fc142025844b2549260f62b7d6603	4_S4_R1_001_Run220826.fastq.gz
4_S4_R2_001_Run220826	/Volumes/kueck/FASTQ/CellLines/RNA-Seq/220826_VL00320_16_AAC5K32M5/Analysis/1/Data/fastq/4_S4_R2_001.fastq.gz	/Volumes/kueck/ovarian_cancer_cisplatin_response_manuscript/geo_metadata/data/220829_VL00320_AAC7WHVM5_AAC5JYKM5_AAC5K32M5/fastq/4_S4_R2_001_Run220826.fastq.gz	01e8a30a0de5bbb4b9050df5cdbcc46a	4_S4_R2_001_Run220826.fastq.gz
5_S5_R1_001_Run220826	/Volumes/kueck/FASTQ/CellLines/RNA-Seq/220826_VL00320_16_AAC5K32M5/Analysis/1/Data/fastq/5_S5_R1_001.fastq.gz	/Volumes/kueck/ovarian_cancer_cisplatin_response_manuscript/geo_metadata/data/220829_VL00320_AAC7WHVM5_AAC5JYKM5_AAC5K32M5/fastq/5_S5_R1_001_Run220826.fastq.gz	01881fa53c5f699eec8be04e722cd5cb	5_S5_R1_001_Run220826.fastq.gz
5_S5_R2_001_Run220826	/Volumes/kueck/FASTQ/CellLines/RNA-Seq/220826_VL00320_16_AAC5K32M5/Analysis/1/Data/fastq/5_S5_R2_001.fastq.gz	/Volumes/kueck/ovarian_cancer_cisplatin_response_manuscript/geo_metadata/data/220829_VL00320_AAC7WHVM5_AAC5JYKM5_AAC5K32M5/fastq/5_S5_R2_001_Run220826.fastq.gz	a168d673b7cf81d5484688f907236c2a	5_S5_R2_001_Run220826.fastq.gz
6_S6_R1_001_Run220826	/Volumes/kueck/FASTQ/CellLines/RNA-Seq/220826_VL00320_16_AAC5K32M5/Analysis/1/Data/fastq/6_S6_R1_001.fastq.gz	/Volumes/kueck/ovarian_cancer_cisplatin_response_manuscript/geo_metadata/data/220829_VL00320_AAC7WHVM5_AAC5JYKM5_AAC5K32M5/fastq/6_S6_R1_001_Run220826.fastq.gz	bcf203fe00ad68bd961d7f0fdfc66194	6_S6_R1_001_Run220826.fastq.gz
6_S6_R2_001_Run220826	/Volumes/kueck/FASTQ/CellLines/RNA-Seq/220826_VL00320_16_AAC5K32M5/Analysis/1/Data/fastq/6_S6_R2_001.fastq.gz	/Volumes/kueck/ovarian_cancer_cisplatin_response_manuscript/geo_metadata/data/220829_VL00320_AAC7WHVM5_AAC5JYKM5_AAC5K32M5/fastq/6_S6_R2_001_Run220826.fastq.gz	f9f847f0646efe673caa1b971b47aaaf	6_S6_R2_001_Run220826.fastq.gz
7_S7_R1_001_Run220826	/Volumes/kueck/FASTQ/CellLines/RNA-Seq/220826_VL00320_16_AAC5K32M5/Analysis/1/Data/fastq/7_S7_R1_001.fastq.gz	/Volumes/kueck/ovarian_cancer_cisplatin_response_manuscript/geo_metadata/data/220829_VL00320_AAC7WHVM5_AAC5JYKM5_AAC5K32M5/fastq/7_S7_R1_001_Run220826.fastq.gz	1ab7a368934306e2cb5029f283531390	7_S7_R1_001_Run220826.fastq.gz
7_S7_R2_001_Run220826	/Volumes/kueck/FASTQ/CellLines/RNA-Seq/220826_VL00320_16_AAC5K32M5/Analysis/1/Data/fastq/7_S7_R2_001.fastq.gz	/Volumes/kueck/ovarian_cancer_cisplatin_response_manuscript/geo_metadata/data/220829_VL00320_AAC7WHVM5_AAC5JYKM5_AAC5K32M5/fastq/7_S7_R2_001_Run220826.fastq.gz	dc43a0ae88bb575a2d549e08c1cc1a09	7_S7_R2_001_Run220826.fastq.gz
8_S8_R1_001_Run220826	/Volumes/kueck/FASTQ/CellLines/RNA-Seq/220826_VL00320_16_AAC5K32M5/Analysis/1/Data/fastq/8_S8_R1_001.fastq.gz	/Volumes/kueck/ovarian_cancer_cisplatin_response_manuscript/geo_metadata/data/220829_VL00320_AAC7WHVM5_AAC5JYKM5_AAC5K32M5/fastq/8_S8_R1_001_Run220826.fastq.gz	5ab98dde9a765001d2143a9417bbf60c	8_S8_R1_001_Run220826.fastq.gz
8_S8_R2_001_Run220826	/Volumes/kueck/FASTQ/CellLines/RNA-Seq/220826_VL00320_16_AAC5K32M5/Analysis/1/Data/fastq/8_S8_R2_001.fastq.gz	/Volumes/kueck/ovarian_cancer_cisplatin_response_manuscript/geo_metadata/data/220829_VL00320_AAC7WHVM5_AAC5JYKM5_AAC5K32M5/fastq/8_S8_R2_001_Run220826.fastq.gz	3c03f9927dfab437dd02331b96fa468e	8_S8_R2_001_Run220826.fastq.gz
9_S9_R1_001_Run220826	/Volumes/kueck/FASTQ/CellLines/RNA-Seq/220826_VL00320_16_AAC5K32M5/Analysis/1/Data/fastq/9_S9_R1_001.fastq.gz	/Volumes/kueck/ovarian_cancer_cisplatin_response_manuscript/geo_metadata/data/220829_VL00320_AAC7WHVM5_AAC5JYKM5_AAC5K32M5/fastq/9_S9_R1_001_Run220826.fastq.gz	8e0ef55d544482d2dd107d726a45d312	9_S9_R1_001_Run220826.fastq.gz
9_S9_R2_001_Run220826	/Volumes/kueck/FASTQ/CellLines/RNA-Seq/220826_VL00320_16_AAC5K32M5/Analysis/1/Data/fastq/9_S9_R2_001.fastq.gz	/Volumes/kueck/ovarian_cancer_cisplatin_response_manuscript/geo_metadata/data/220829_VL00320_AAC7WHVM5_AAC5JYKM5_AAC5K32M5/fastq/9_S9_R2_001_Run220826.fastq.gz	85a5111fe1d6ab611368d8b1c0194bd7	9_S9_R2_001_Run220826.fastq.gz
10_S10_R1_001_Run220826	/Volumes/kueck/FASTQ/CellLines/RNA-Seq/220826_VL00320_16_AAC5K32M5/Analysis/1/Data/fastq/10_S10_R1_001.fastq.gz	/Volumes/kueck/ovarian_cancer_cisplatin_response_manuscript/geo_metadata/data/220829_VL00320_AAC7WHVM5_AAC5JYKM5_AAC5K32M5/fastq/10_S10_R1_001_Run220826.fastq.gz	a9658d49114ac17a9b63fefc3706a629	10_S10_R1_001_Run220826.fastq.gz
10_S10_R2_001_Run220826	/Volumes/kueck/FASTQ/CellLines/RNA-Seq/220826_VL00320_16_AAC5K32M5/Analysis/1/Data/fastq/10_S10_R2_001.fastq.gz	/Volumes/kueck/ovarian_cancer_cisplatin_response_manuscript/geo_metadata/data/220829_VL00320_AAC7WHVM5_AAC5JYKM5_AAC5K32M5/fastq/10_S10_R2_001_Run220826.fastq.gz	ad9c2f22bf7189d89c3719121e1ff1b3	10_S10_R2_001_Run220826.fastq.gz
11_S11_R1_001_Run220826	/Volumes/kueck/FASTQ/CellLines/RNA-Seq/220826_VL00320_16_AAC5K32M5/Analysis/1/Data/fastq/11_S11_R1_001.fastq.gz	/Volumes/kueck/ovarian_cancer_cisplatin_response_manuscript/geo_metadata/data/220829_VL00320_AAC7WHVM5_AAC5JYKM5_AAC5K32M5/fastq/11_S11_R1_001_Run220826.fastq.gz	84f7cc9fdaee8b8784ec6d3207b3c3d8	11_S11_R1_001_Run220826.fastq.gz
11_S11_R2_001_Run220826	/Volumes/kueck/FASTQ/CellLines/RNA-Seq/220826_VL00320_16_AAC5K32M5/Analysis/1/Data/fastq/11_S11_R2_001.fastq.gz	/Volumes/kueck/ovarian_cancer_cisplatin_response_manuscript/geo_metadata/data/220829_VL00320_AAC7WHVM5_AAC5JYKM5_AAC5K32M5/fastq/11_S11_R2_001_Run220826.fastq.gz	bf3cc240ed00285204eb537a4af9e380	11_S11_R2_001_Run220826.fastq.gz
12_S12_R1_001_Run220826	/Volumes/kueck/FASTQ/CellLines/RNA-Seq/220826_VL00320_16_AAC5K32M5/Analysis/1/Data/fastq/12_S12_R1_001.fastq.gz	/Volumes/kueck/ovarian_cancer_cisplatin_response_manuscript/geo_metadata/data/220829_VL00320_AAC7WHVM5_AAC5JYKM5_AAC5K32M5/fastq/12_S12_R1_001_Run220826.fastq.gz	ea677ee1b166993a82d708b37b3167d4	12_S12_R1_001_Run220826.fastq.gz
12_S12_R2_001_Run220826	/Volumes/kueck/FASTQ/CellLines/RNA-Seq/220826_VL00320_16_AAC5K32M5/Analysis/1/Data/fastq/12_S12_R2_001.fastq.gz	/Volumes/kueck/ovarian_cancer_cisplatin_response_manuscript/geo_metadata/data/220829_VL00320_AAC7WHVM5_AAC5JYKM5_AAC5K32M5/fastq/12_S12_R2_001_Run220826.fastq.gz	12e5a1197c87d30d768e959e57d78d3a	12_S12_R2_001_Run220826.fastq.gz
13_S13_R1_001_Run220826	/Volumes/kueck/FASTQ/CellLines/RNA-Seq/220826_VL00320_16_AAC5K32M5/Analysis/1/Data/fastq/13_S13_R1_001.fastq.gz	/Volumes/kueck/ovarian_cancer_cisplatin_response_manuscript/geo_metadata/data/220829_VL00320_AAC7WHVM5_AAC5JYKM5_AAC5K32M5/fastq/13_S13_R1_001_Run220826.fastq.gz	38817885eddbd5c50570409db8db1ca2	13_S13_R1_001_Run220826.fastq.gz
13_S13_R2_001_Run220826	/Volumes/kueck/FASTQ/CellLines/RNA-Seq/220826_VL00320_16_AAC5K32M5/Analysis/1/Data/fastq/13_S13_R2_001.fastq.gz	/Volumes/kueck/ovarian_cancer_cisplatin_response_manuscript/geo_metadata/data/220829_VL00320_AAC7WHVM5_AAC5JYKM5_AAC5K32M5/fastq/13_S13_R2_001_Run220826.fastq.gz	4a7bf0db9c52621b610e06643fa53469	13_S13_R2_001_Run220826.fastq.gz
14_S14_R1_001_Run220826	/Volumes/kueck/FASTQ/CellLines/RNA-Seq/220826_VL00320_16_AAC5K32M5/Analysis/1/Data/fastq/14_S14_R1_001.fastq.gz	/Volumes/kueck/ovarian_cancer_cisplatin_response_manuscript/geo_metadata/data/220829_VL00320_AAC7WHVM5_AAC5JYKM5_AAC5K32M5/fastq/14_S14_R1_001_Run220826.fastq.gz	334ad670816986d55130fe8c69eb8f6b	14_S14_R1_001_Run220826.fastq.gz
14_S14_R2_001_Run220826	/Volumes/kueck/FASTQ/CellLines/RNA-Seq/220826_VL00320_16_AAC5K32M5/Analysis/1/Data/fastq/14_S14_R2_001.fastq.gz	/Volumes/kueck/ovarian_cancer_cisplatin_response_manuscript/geo_metadata/data/220829_VL00320_AAC7WHVM5_AAC5JYKM5_AAC5K32M5/fastq/14_S14_R2_001_Run220826.fastq.gz	48aeb06d362f1b2735fda08d72053279	14_S14_R2_001_Run220826.fastq.gz
15_S15_R1_001_Run220826	/Volumes/kueck/FASTQ/CellLines/RNA-Seq/220826_VL00320_16_AAC5K32M5/Analysis/1/Data/fastq/15_S15_R1_001.fastq.gz	/Volumes/kueck/ovarian_cancer_cisplatin_response_manuscript/geo_metadata/data/220829_VL00320_AAC7WHVM5_AAC5JYKM5_AAC5K32M5/fastq/15_S15_R1_001_Run220826.fastq.gz	60c0e7be3aee2dffb3c54582f131ef2c	15_S15_R1_001_Run220826.fastq.gz
15_S15_R2_001_Run220826	/Volumes/kueck/FASTQ/CellLines/RNA-Seq/220826_VL00320_16_AAC5K32M5/Analysis/1/Data/fastq/15_S15_R2_001.fastq.gz	/Volumes/kueck/ovarian_cancer_cisplatin_response_manuscript/geo_metadata/data/220829_VL00320_AAC7WHVM5_AAC5JYKM5_AAC5K32M5/fastq/15_S15_R2_001_Run220826.fastq.gz	0d6c791c25bbe40c4f1a9459f8a66bc1	15_S15_R2_001_Run220826.fastq.gz
16_S16_R1_001_Run220826	/Volumes/kueck/FASTQ/CellLines/RNA-Seq/220826_VL00320_16_AAC5K32M5/Analysis/1/Data/fastq/16_S16_R1_001.fastq.gz	/Volumes/kueck/ovarian_cancer_cisplatin_response_manuscript/geo_metadata/data/220829_VL00320_AAC7WHVM5_AAC5JYKM5_AAC5K32M5/fastq/16_S16_R1_001_Run220826.fastq.gz	a9167f730b1f6767939a97d57ea6e40e	16_S16_R1_001_Run220826.fastq.gz
16_S16_R2_001_Run220826	/Volumes/kueck/FASTQ/CellLines/RNA-Seq/220826_VL00320_16_AAC5K32M5/Analysis/1/Data/fastq/16_S16_R2_001.fastq.gz	/Volumes/kueck/ovarian_cancer_cisplatin_response_manuscript/geo_metadata/data/220829_VL00320_AAC7WHVM5_AAC5JYKM5_AAC5K32M5/fastq/16_S16_R2_001_Run220826.fastq.gz	7710ee1558ced52f0bf2189af0212709	16_S16_R2_001_Run220826.fastq.gz
17_S17_R1_001_Run220826	/Volumes/kueck/FASTQ/CellLines/RNA-Seq/220826_VL00320_16_AAC5K32M5/Analysis/1/Data/fastq/17_S17_R1_001.fastq.gz	/Volumes/kueck/ovarian_cancer_cisplatin_response_manuscript/geo_metadata/data/220829_VL00320_AAC7WHVM5_AAC5JYKM5_AAC5K32M5/fastq/17_S17_R1_001_Run220826.fastq.gz	d2e403c958ca27fb3753b37f3ecf40a5	17_S17_R1_001_Run220826.fastq.gz
17_S17_R2_001_Run220826	/Volumes/kueck/FASTQ/CellLines/RNA-Seq/220826_VL00320_16_AAC5K32M5/Analysis/1/Data/fastq/17_S17_R2_001.fastq.gz	/Volumes/kueck/ovarian_cancer_cisplatin_response_manuscript/geo_metadata/data/220829_VL00320_AAC7WHVM5_AAC5JYKM5_AAC5K32M5/fastq/17_S17_R2_001_Run220826.fastq.gz	e363953ad6d72d4a0279feff06964943	17_S17_R2_001_Run220826.fastq.gz
18_S18_R1_001_Run220826	/Volumes/kueck/FASTQ/CellLines/RNA-Seq/220826_VL00320_16_AAC5K32M5/Analysis/1/Data/fastq/18_S18_R1_001.fastq.gz	/Volumes/kueck/ovarian_cancer_cisplatin_response_manuscript/geo_metadata/data/220829_VL00320_AAC7WHVM5_AAC5JYKM5_AAC5K32M5/fastq/18_S18_R1_001_Run220826.fastq.gz	afb6b857e3eee4b6509de74ce3b9f04f	18_S18_R1_001_Run220826.fastq.gz
18_S18_R2_001_Run220826	/Volumes/kueck/FASTQ/CellLines/RNA-Seq/220826_VL00320_16_AAC5K32M5/Analysis/1/Data/fastq/18_S18_R2_001.fastq.gz	/Volumes/kueck/ovarian_cancer_cisplatin_response_manuscript/geo_metadata/data/220829_VL00320_AAC7WHVM5_AAC5JYKM5_AAC5K32M5/fastq/18_S18_R2_001_Run220826.fastq.gz	836c72dc728545d5f00ca30a8c1c5b94	18_S18_R2_001_Run220826.fastq.gz
19_S19_R1_001_Run220826	/Volumes/kueck/FASTQ/CellLines/RNA-Seq/220826_VL00320_16_AAC5K32M5/Analysis/1/Data/fastq/19_S19_R1_001.fastq.gz	/Volumes/kueck/ovarian_cancer_cisplatin_response_manuscript/geo_metadata/data/220829_VL00320_AAC7WHVM5_AAC5JYKM5_AAC5K32M5/fastq/19_S19_R1_001_Run220826.fastq.gz	aded28c90632be33872b830c4d1dcc8f	19_S19_R1_001_Run220826.fastq.gz
19_S19_R2_001_Run220826	/Volumes/kueck/FASTQ/CellLines/RNA-Seq/220826_VL00320_16_AAC5K32M5/Analysis/1/Data/fastq/19_S19_R2_001.fastq.gz	/Volumes/kueck/ovarian_cancer_cisplatin_response_manuscript/geo_metadata/data/220829_VL00320_AAC7WHVM5_AAC5JYKM5_AAC5K32M5/fastq/19_S19_R2_001_Run220826.fastq.gz	8ddbe2f8a64cc1dc27889e6bfe4a67c2	19_S19_R2_001_Run220826.fastq.gz
20_S20_R1_001_Run220826	/Volumes/kueck/FASTQ/CellLines/RNA-Seq/220826_VL00320_16_AAC5K32M5/Analysis/1/Data/fastq/20_S20_R1_001.fastq.gz	/Volumes/kueck/ovarian_cancer_cisplatin_response_manuscript/geo_metadata/data/220829_VL00320_AAC7WHVM5_AAC5JYKM5_AAC5K32M5/fastq/20_S20_R1_001_Run220826.fastq.gz	64e67e49f6e9b3fbd191b86aa68bb920	20_S20_R1_001_Run220826.fastq.gz
20_S20_R2_001_Run220826	/Volumes/kueck/FASTQ/CellLines/RNA-Seq/220826_VL00320_16_AAC5K32M5/Analysis/1/Data/fastq/20_S20_R2_001.fastq.gz	/Volumes/kueck/ovarian_cancer_cisplatin_response_manuscript/geo_metadata/data/220829_VL00320_AAC7WHVM5_AAC5JYKM5_AAC5K32M5/fastq/20_S20_R2_001_Run220826.fastq.gz	062ddb4f1cff1556e8a243737646e528	20_S20_R2_001_Run220826.fastq.gz
21_S21_R1_001_Run220826	/Volumes/kueck/FASTQ/CellLines/RNA-Seq/220826_VL00320_16_AAC5K32M5/Analysis/1/Data/fastq/21_S21_R1_001.fastq.gz	/Volumes/kueck/ovarian_cancer_cisplatin_response_manuscript/geo_metadata/data/220829_VL00320_AAC7WHVM5_AAC5JYKM5_AAC5K32M5/fastq/21_S21_R1_001_Run220826.fastq.gz	8451cccaa25aeb47ae7c08dcfd5cd4be	21_S21_R1_001_Run220826.fastq.gz
21_S21_R2_001_Run220826	/Volumes/kueck/FASTQ/CellLines/RNA-Seq/220826_VL00320_16_AAC5K32M5/Analysis/1/Data/fastq/21_S21_R2_001.fastq.gz	/Volumes/kueck/ovarian_cancer_cisplatin_response_manuscript/geo_metadata/data/220829_VL00320_AAC7WHVM5_AAC5JYKM5_AAC5K32M5/fastq/21_S21_R2_001_Run220826.fastq.gz	cc3a3d1f0b4cad424c83633c5332a2bf	21_S21_R2_001_Run220826.fastq.gz
22_S22_R1_001_Run220826	/Volumes/kueck/FASTQ/CellLines/RNA-Seq/220826_VL00320_16_AAC5K32M5/Analysis/1/Data/fastq/22_S22_R1_001.fastq.gz	/Volumes/kueck/ovarian_cancer_cisplatin_response_manuscript/geo_metadata/data/220829_VL00320_AAC7WHVM5_AAC5JYKM5_AAC5K32M5/fastq/22_S22_R1_001_Run220826.fastq.gz	3b64e9a47eab2d719e66639f0c68b197	22_S22_R1_001_Run220826.fastq.gz
22_S22_R2_001_Run220826	/Volumes/kueck/FASTQ/CellLines/RNA-Seq/220826_VL00320_16_AAC5K32M5/Analysis/1/Data/fastq/22_S22_R2_001.fastq.gz	/Volumes/kueck/ovarian_cancer_cisplatin_response_manuscript/geo_metadata/data/220829_VL00320_AAC7WHVM5_AAC5JYKM5_AAC5K32M5/fastq/22_S22_R2_001_Run220826.fastq.gz	4053710658a6382aabb9efb707abcfb0	22_S22_R2_001_Run220826.fastq.gz
23_S23_R1_001_Run220826	/Volumes/kueck/FASTQ/CellLines/RNA-Seq/220826_VL00320_16_AAC5K32M5/Analysis/1/Data/fastq/23_S23_R1_001.fastq.gz	/Volumes/kueck/ovarian_cancer_cisplatin_response_manuscript/geo_metadata/data/220829_VL00320_AAC7WHVM5_AAC5JYKM5_AAC5K32M5/fastq/23_S23_R1_001_Run220826.fastq.gz	fedf403fe811e07232c653e4bd017ec0	23_S23_R1_001_Run220826.fastq.gz
23_S23_R2_001_Run220826	/Volumes/kueck/FASTQ/CellLines/RNA-Seq/220826_VL00320_16_AAC5K32M5/Analysis/1/Data/fastq/23_S23_R2_001.fastq.gz	/Volumes/kueck/ovarian_cancer_cisplatin_response_manuscript/geo_metadata/data/220829_VL00320_AAC7WHVM5_AAC5JYKM5_AAC5K32M5/fastq/23_S23_R2_001_Run220826.fastq.gz	076e2e25f54c2c58efe3bb0993f27ffd	23_S23_R2_001_Run220826.fastq.gz
24_S24_R1_001_Run220826	/Volumes/kueck/FASTQ/CellLines/RNA-Seq/220826_VL00320_16_AAC5K32M5/Analysis/1/Data/fastq/24_S24_R1_001.fastq.gz	/Volumes/kueck/ovarian_cancer_cisplatin_response_manuscript/geo_metadata/data/220829_VL00320_AAC7WHVM5_AAC5JYKM5_AAC5K32M5/fastq/24_S24_R1_001_Run220826.fastq.gz	c476894fabfad09b793d60238b89ed51	24_S24_R1_001_Run220826.fastq.gz
24_S24_R2_001_Run220826	/Volumes/kueck/FASTQ/CellLines/RNA-Seq/220826_VL00320_16_AAC5K32M5/Analysis/1/Data/fastq/24_S24_R2_001.fastq.gz	/Volumes/kueck/ovarian_cancer_cisplatin_response_manuscript/geo_metadata/data/220829_VL00320_AAC7WHVM5_AAC5JYKM5_AAC5K32M5/fastq/24_S24_R2_001_Run220826.fastq.gz	e23893d474dd5da03661cdbfa11c6d56	24_S24_R2_001_Run220826.fastq.gz
25_S25_R1_001_Run220826	/Volumes/kueck/FASTQ/CellLines/RNA-Seq/220826_VL00320_16_AAC5K32M5/Analysis/1/Data/fastq/25_S25_R1_001.fastq.gz	/Volumes/kueck/ovarian_cancer_cisplatin_response_manuscript/geo_metadata/data/220829_VL00320_AAC7WHVM5_AAC5JYKM5_AAC5K32M5/fastq/25_S25_R1_001_Run220826.fastq.gz	2e220e5ec8ae60a21227a84ddf5e46f6	25_S25_R1_001_Run220826.fastq.gz
25_S25_R2_001_Run220826	/Volumes/kueck/FASTQ/CellLines/RNA-Seq/220826_VL00320_16_AAC5K32M5/Analysis/1/Data/fastq/25_S25_R2_001.fastq.gz	/Volumes/kueck/ovarian_cancer_cisplatin_response_manuscript/geo_metadata/data/220829_VL00320_AAC7WHVM5_AAC5JYKM5_AAC5K32M5/fastq/25_S25_R2_001_Run220826.fastq.gz	e8b63006eb073e4d4aab6b8719367a2f	25_S25_R2_001_Run220826.fastq.gz
26_S26_R1_001_Run220826	/Volumes/kueck/FASTQ/CellLines/RNA-Seq/220826_VL00320_16_AAC5K32M5/Analysis/1/Data/fastq/26_S26_R1_001.fastq.gz	/Volumes/kueck/ovarian_cancer_cisplatin_response_manuscript/geo_metadata/data/220829_VL00320_AAC7WHVM5_AAC5JYKM5_AAC5K32M5/fastq/26_S26_R1_001_Run220826.fastq.gz	05ce20ec89c0b3babd2a119832c7dc51	26_S26_R1_001_Run220826.fastq.gz
26_S26_R2_001_Run220826	/Volumes/kueck/FASTQ/CellLines/RNA-Seq/220826_VL00320_16_AAC5K32M5/Analysis/1/Data/fastq/26_S26_R2_001.fastq.gz	/Volumes/kueck/ovarian_cancer_cisplatin_response_manuscript/geo_metadata/data/220829_VL00320_AAC7WHVM5_AAC5JYKM5_AAC5K32M5/fastq/26_S26_R2_001_Run220826.fastq.gz	17b520d2155aa581b7c6edb1de3abb3b	26_S26_R2_001_Run220826.fastq.gz
27_S27_R1_001_Run220826	/Volumes/kueck/FASTQ/CellLines/RNA-Seq/220826_VL00320_16_AAC5K32M5/Analysis/1/Data/fastq/27_S27_R1_001.fastq.gz	/Volumes/kueck/ovarian_cancer_cisplatin_response_manuscript/geo_metadata/data/220829_VL00320_AAC7WHVM5_AAC5JYKM5_AAC5K32M5/fastq/27_S27_R1_001_Run220826.fastq.gz	bc77ecca10e82f01a53838d0e25ff70f	27_S27_R1_001_Run220826.fastq.gz
27_S27_R2_001_Run220826	/Volumes/kueck/FASTQ/CellLines/RNA-Seq/220826_VL00320_16_AAC5K32M5/Analysis/1/Data/fastq/27_S27_R2_001.fastq.gz	/Volumes/kueck/ovarian_cancer_cisplatin_response_manuscript/geo_metadata/data/220829_VL00320_AAC7WHVM5_AAC5JYKM5_AAC5K32M5/fastq/27_S27_R2_001_Run220826.fastq.gz	b5eda99b0da84fb8ed4b884d3423745a	27_S27_R2_001_Run220826.fastq.gz
28_S28_R1_001_Run220826	/Volumes/kueck/FASTQ/CellLines/RNA-Seq/220826_VL00320_16_AAC5K32M5/Analysis/1/Data/fastq/28_S28_R1_001.fastq.gz	/Volumes/kueck/ovarian_cancer_cisplatin_response_manuscript/geo_metadata/data/220829_VL00320_AAC7WHVM5_AAC5JYKM5_AAC5K32M5/fastq/28_S28_R1_001_Run220826.fastq.gz	205704edaa2ada333d398da68f9e547c	28_S28_R1_001_Run220826.fastq.gz
28_S28_R2_001_Run220826	/Volumes/kueck/FASTQ/CellLines/RNA-Seq/220826_VL00320_16_AAC5K32M5/Analysis/1/Data/fastq/28_S28_R2_001.fastq.gz	/Volumes/kueck/ovarian_cancer_cisplatin_response_manuscript/geo_metadata/data/220829_VL00320_AAC7WHVM5_AAC5JYKM5_AAC5K32M5/fastq/28_S28_R2_001_Run220826.fastq.gz	d0b73491ecc15aa52e230178194d7f5b	28_S28_R2_001_Run220826.fastq.gz
29_S29_R1_001_Run220826	/Volumes/kueck/FASTQ/CellLines/RNA-Seq/220826_VL00320_16_AAC5K32M5/Analysis/1/Data/fastq/29_S29_R1_001.fastq.gz	/Volumes/kueck/ovarian_cancer_cisplatin_response_manuscript/geo_metadata/data/220829_VL00320_AAC7WHVM5_AAC5JYKM5_AAC5K32M5/fastq/29_S29_R1_001_Run220826.fastq.gz	46b90a34e98f1c5946f24d887db18297	29_S29_R1_001_Run220826.fastq.gz
29_S29_R2_001_Run220826	/Volumes/kueck/FASTQ/CellLines/RNA-Seq/220826_VL00320_16_AAC5K32M5/Analysis/1/Data/fastq/29_S29_R2_001.fastq.gz	/Volumes/kueck/ovarian_cancer_cisplatin_response_manuscript/geo_metadata/data/220829_VL00320_AAC7WHVM5_AAC5JYKM5_AAC5K32M5/fastq/29_S29_R2_001_Run220826.fastq.gz	1e33ea3f1348283d741b8a0a9941b81c	29_S29_R2_001_Run220826.fastq.gz
30_S30_R1_001_Run220826	/Volumes/kueck/FASTQ/CellLines/RNA-Seq/220826_VL00320_16_AAC5K32M5/Analysis/1/Data/fastq/30_S30_R1_001.fastq.gz	/Volumes/kueck/ovarian_cancer_cisplatin_response_manuscript/geo_metadata/data/220829_VL00320_AAC7WHVM5_AAC5JYKM5_AAC5K32M5/fastq/30_S30_R1_001_Run220826.fastq.gz	e025432cfb25effdf3344c18ae6912c6	30_S30_R1_001_Run220826.fastq.gz
30_S30_R2_001_Run220826	/Volumes/kueck/FASTQ/CellLines/RNA-Seq/220826_VL00320_16_AAC5K32M5/Analysis/1/Data/fastq/30_S30_R2_001.fastq.gz	/Volumes/kueck/ovarian_cancer_cisplatin_response_manuscript/geo_metadata/data/220829_VL00320_AAC7WHVM5_AAC5JYKM5_AAC5K32M5/fastq/30_S30_R2_001_Run220826.fastq.gz	1857fa0461d3edd01c8334a77ca1091d	30_S30_R2_001_Run220826.fastq.gz
31_S31_R1_001_Run220826	/Volumes/kueck/FASTQ/CellLines/RNA-Seq/220826_VL00320_16_AAC5K32M5/Analysis/1/Data/fastq/31_S31_R1_001.fastq.gz	/Volumes/kueck/ovarian_cancer_cisplatin_response_manuscript/geo_metadata/data/220829_VL00320_AAC7WHVM5_AAC5JYKM5_AAC5K32M5/fastq/31_S31_R1_001_Run220826.fastq.gz	2704f523594c6844888fab28c4b5d682	31_S31_R1_001_Run220826.fastq.gz
31_S31_R2_001_Run220826	/Volumes/kueck/FASTQ/CellLines/RNA-Seq/220826_VL00320_16_AAC5K32M5/Analysis/1/Data/fastq/31_S31_R2_001.fastq.gz	/Volumes/kueck/ovarian_cancer_cisplatin_response_manuscript/geo_metadata/data/220829_VL00320_AAC7WHVM5_AAC5JYKM5_AAC5K32M5/fastq/31_S31_R2_001_Run220826.fastq.gz	ff76dfe3fa0bf025e6dcfebfbdb3a91f	31_S31_R2_001_Run220826.fastq.gz
32_S32_R1_001_Run220826	/Volumes/kueck/FASTQ/CellLines/RNA-Seq/220826_VL00320_16_AAC5K32M5/Analysis/1/Data/fastq/32_S32_R1_001.fastq.gz	/Volumes/kueck/ovarian_cancer_cisplatin_response_manuscript/geo_metadata/data/220829_VL00320_AAC7WHVM5_AAC5JYKM5_AAC5K32M5/fastq/32_S32_R1_001_Run220826.fastq.gz	0d43da3b5f8fcf47167cf061053f2e81	32_S32_R1_001_Run220826.fastq.gz
32_S32_R2_001_Run220826	/Volumes/kueck/FASTQ/CellLines/RNA-Seq/220826_VL00320_16_AAC5K32M5/Analysis/1/Data/fastq/32_S32_R2_001.fastq.gz	/Volumes/kueck/ovarian_cancer_cisplatin_response_manuscript/geo_metadata/data/220829_VL00320_AAC7WHVM5_AAC5JYKM5_AAC5K32M5/fastq/32_S32_R2_001_Run220826.fastq.gz	aae145f2f9e1cecb6f9e0aea33d1e680	32_S32_R2_001_Run220826.fastq.gz
33_S33_R1_001_Run220826	/Volumes/kueck/FASTQ/CellLines/RNA-Seq/220826_VL00320_16_AAC5K32M5/Analysis/1/Data/fastq/33_S33_R1_001.fastq.gz	/Volumes/kueck/ovarian_cancer_cisplatin_response_manuscript/geo_metadata/data/220829_VL00320_AAC7WHVM5_AAC5JYKM5_AAC5K32M5/fastq/33_S33_R1_001_Run220826.fastq.gz	dc6a9513aa246ca15c8ca5af1b55648e	33_S33_R1_001_Run220826.fastq.gz
33_S33_R2_001_Run220826	/Volumes/kueck/FASTQ/CellLines/RNA-Seq/220826_VL00320_16_AAC5K32M5/Analysis/1/Data/fastq/33_S33_R2_001.fastq.gz	/Volumes/kueck/ovarian_cancer_cisplatin_response_manuscript/geo_metadata/data/220829_VL00320_AAC7WHVM5_AAC5JYKM5_AAC5K32M5/fastq/33_S33_R2_001_Run220826.fastq.gz	974387f98ec850f996842e9d9ced787e	33_S33_R2_001_Run220826.fastq.gz
34_S34_R1_001_Run220826	/Volumes/kueck/FASTQ/CellLines/RNA-Seq/220826_VL00320_16_AAC5K32M5/Analysis/1/Data/fastq/34_S34_R1_001.fastq.gz	/Volumes/kueck/ovarian_cancer_cisplatin_response_manuscript/geo_metadata/data/220829_VL00320_AAC7WHVM5_AAC5JYKM5_AAC5K32M5/fastq/34_S34_R1_001_Run220826.fastq.gz	c799baf63b0390cce3e82970dfc1f807	34_S34_R1_001_Run220826.fastq.gz
34_S34_R2_001_Run220826	/Volumes/kueck/FASTQ/CellLines/RNA-Seq/220826_VL00320_16_AAC5K32M5/Analysis/1/Data/fastq/34_S34_R2_001.fastq.gz	/Volumes/kueck/ovarian_cancer_cisplatin_response_manuscript/geo_metadata/data/220829_VL00320_AAC7WHVM5_AAC5JYKM5_AAC5K32M5/fastq/34_S34_R2_001_Run220826.fastq.gz	1f602edda2fb77f3db0bb7f12594bcfe	34_S34_R2_001_Run220826.fastq.gz
35_S35_R1_001_Run220826	/Volumes/kueck/FASTQ/CellLines/RNA-Seq/220826_VL00320_16_AAC5K32M5/Analysis/1/Data/fastq/35_S35_R1_001.fastq.gz	/Volumes/kueck/ovarian_cancer_cisplatin_response_manuscript/geo_metadata/data/220829_VL00320_AAC7WHVM5_AAC5JYKM5_AAC5K32M5/fastq/35_S35_R1_001_Run220826.fastq.gz	fc154a8a45fdb8bfe6f2beb362035de6	35_S35_R1_001_Run220826.fastq.gz
35_S35_R2_001_Run220826	/Volumes/kueck/FASTQ/CellLines/RNA-Seq/220826_VL00320_16_AAC5K32M5/Analysis/1/Data/fastq/35_S35_R2_001.fastq.gz	/Volumes/kueck/ovarian_cancer_cisplatin_response_manuscript/geo_metadata/data/220829_VL00320_AAC7WHVM5_AAC5JYKM5_AAC5K32M5/fastq/35_S35_R2_001_Run220826.fastq.gz	5c35c8aebadf7d992d6be72991dedcf7	35_S35_R2_001_Run220826.fastq.gz
36_S36_R1_001_Run220826	/Volumes/kueck/FASTQ/CellLines/RNA-Seq/220826_VL00320_16_AAC5K32M5/Analysis/1/Data/fastq/36_S36_R1_001.fastq.gz	/Volumes/kueck/ovarian_cancer_cisplatin_response_manuscript/geo_metadata/data/220829_VL00320_AAC7WHVM5_AAC5JYKM5_AAC5K32M5/fastq/36_S36_R1_001_Run220826.fastq.gz	f60af66c67e201639d7184a03729c995	36_S36_R1_001_Run220826.fastq.gz
36_S36_R2_001_Run220826	/Volumes/kueck/FASTQ/CellLines/RNA-Seq/220826_VL00320_16_AAC5K32M5/Analysis/1/Data/fastq/36_S36_R2_001.fastq.gz	/Volumes/kueck/ovarian_cancer_cisplatin_response_manuscript/geo_metadata/data/220829_VL00320_AAC7WHVM5_AAC5JYKM5_AAC5K32M5/fastq/36_S36_R2_001_Run220826.fastq.gz	8bcf8ff3769b0177d44823eb4b0ea138	36_S36_R2_001_Run220826.fastq.gz
