sample_id	original_fastq_path	symlink_fastq_path	final_file_name	md5_checksum
1_S1_R1_001_Run230316	/Volumes/kueck/FASTQ/CellLines/RNA-Seq/230316_VL00320_43_AACJYMYM5/Analysis/1/Data/fastq/1_S1_R1_001.fastq.gz	/Volumes/kueck/ovarian_cancer_cisplatin_response_manuscript/geo_metadata/data/230324-3way-merge/fastq/1_S1_R1_001_Run230316.fastq.gz	1_S1_R1_001_Run230316.fastq.gz	19cee84a6a3598930e2e6befdf203e0f
1_S1_R2_001_Run230316	/Volumes/kueck/FASTQ/CellLines/RNA-Seq/230316_VL00320_43_AACJYMYM5/Analysis/1/Data/fastq/1_S1_R2_001.fastq.gz	/Volumes/kueck/ovarian_cancer_cisplatin_response_manuscript/geo_metadata/data/230324-3way-merge/fastq/1_S1_R2_001_Run230316.fastq.gz	1_S1_R2_001_Run230316.fastq.gz	a41a73120d75d1a5c4696488dc56af78
2_S2_R1_001_Run230316	/Volumes/kueck/FASTQ/CellLines/RNA-Seq/230316_VL00320_43_AACJYMYM5/Analysis/1/Data/fastq/2_S2_R1_001.fastq.gz	/Volumes/kueck/ovarian_cancer_cisplatin_response_manuscript/geo_metadata/data/230324-3way-merge/fastq/2_S2_R1_001_Run230316.fastq.gz	2_S2_R1_001_Run230316.fastq.gz	0613d63ebd5346ef57124d458a5e9f7b
2_S2_R2_001_Run230316	/Volumes/kueck/FASTQ/CellLines/RNA-Seq/230316_VL00320_43_AACJYMYM5/Analysis/1/Data/fastq/2_S2_R2_001.fastq.gz	/Volumes/kueck/ovarian_cancer_cisplatin_response_manuscript/geo_metadata/data/230324-3way-merge/fastq/2_S2_R2_001_Run230316.fastq.gz	2_S2_R2_001_Run230316.fastq.gz	46e40cbfdf13d025863609aab40e63cd
3_S3_R1_001_Run230316	/Volumes/kueck/FASTQ/CellLines/RNA-Seq/230316_VL00320_43_AACJYMYM5/Analysis/1/Data/fastq/3_S3_R1_001.fastq.gz	/Volumes/kueck/ovarian_cancer_cisplatin_response_manuscript/geo_metadata/data/230324-3way-merge/fastq/3_S3_R1_001_Run230316.fastq.gz	3_S3_R1_001_Run230316.fastq.gz	e28b40d675a63b1837587ff28dc2a618
3_S3_R2_001_Run230316	/Volumes/kueck/FASTQ/CellLines/RNA-Seq/230316_VL00320_43_AACJYMYM5/Analysis/1/Data/fastq/3_S3_R2_001.fastq.gz	/Volumes/kueck/ovarian_cancer_cisplatin_response_manuscript/geo_metadata/data/230324-3way-merge/fastq/3_S3_R2_001_Run230316.fastq.gz	3_S3_R2_001_Run230316.fastq.gz	64f6a009e7a057c86cb8310c5e7baa24
4_S4_R1_001_Run230316	/Volumes/kueck/FASTQ/CellLines/RNA-Seq/230316_VL00320_43_AACJYMYM5/Analysis/1/Data/fastq/4_S4_R1_001.fastq.gz	/Volumes/kueck/ovarian_cancer_cisplatin_response_manuscript/geo_metadata/data/230324-3way-merge/fastq/4_S4_R1_001_Run230316.fastq.gz	4_S4_R1_001_Run230316.fastq.gz	ea1bf0aef7e9b71e82038b1a9eefc79f
4_S4_R2_001_Run230316	/Volumes/kueck/FASTQ/CellLines/RNA-Seq/230316_VL00320_43_AACJYMYM5/Analysis/1/Data/fastq/4_S4_R2_001.fastq.gz	/Volumes/kueck/ovarian_cancer_cisplatin_response_manuscript/geo_metadata/data/230324-3way-merge/fastq/4_S4_R2_001_Run230316.fastq.gz	4_S4_R2_001_Run230316.fastq.gz	30f8ce74b7b0705705cf10ee1b7449b0
5_S5_R1_001_Run230316	/Volumes/kueck/FASTQ/CellLines/RNA-Seq/230316_VL00320_43_AACJYMYM5/Analysis/1/Data/fastq/5_S5_R1_001.fastq.gz	/Volumes/kueck/ovarian_cancer_cisplatin_response_manuscript/geo_metadata/data/230324-3way-merge/fastq/5_S5_R1_001_Run230316.fastq.gz	5_S5_R1_001_Run230316.fastq.gz	6a0a6939a23faa91279ee13322c9fb79
5_S5_R2_001_Run230316	/Volumes/kueck/FASTQ/CellLines/RNA-Seq/230316_VL00320_43_AACJYMYM5/Analysis/1/Data/fastq/5_S5_R2_001.fastq.gz	/Volumes/kueck/ovarian_cancer_cisplatin_response_manuscript/geo_metadata/data/230324-3way-merge/fastq/5_S5_R2_001_Run230316.fastq.gz	5_S5_R2_001_Run230316.fastq.gz	12cc96d0d773ffbff287c340a2845e90
6_S6_R1_001_Run230316	/Volumes/kueck/FASTQ/CellLines/RNA-Seq/230316_VL00320_43_AACJYMYM5/Analysis/1/Data/fastq/6_S6_R1_001.fastq.gz	/Volumes/kueck/ovarian_cancer_cisplatin_response_manuscript/geo_metadata/data/230324-3way-merge/fastq/6_S6_R1_001_Run230316.fastq.gz	6_S6_R1_001_Run230316.fastq.gz	2007564b57df7ff525d7607597a7d4d8
6_S6_R2_001_Run230316	/Volumes/kueck/FASTQ/CellLines/RNA-Seq/230316_VL00320_43_AACJYMYM5/Analysis/1/Data/fastq/6_S6_R2_001.fastq.gz	/Volumes/kueck/ovarian_cancer_cisplatin_response_manuscript/geo_metadata/data/230324-3way-merge/fastq/6_S6_R2_001_Run230316.fastq.gz	6_S6_R2_001_Run230316.fastq.gz	4317f321a423fcbf71e07448e559db31
7_S7_R1_001_Run230316	/Volumes/kueck/FASTQ/CellLines/RNA-Seq/230316_VL00320_43_AACJYMYM5/Analysis/1/Data/fastq/7_S7_R1_001.fastq.gz	/Volumes/kueck/ovarian_cancer_cisplatin_response_manuscript/geo_metadata/data/230324-3way-merge/fastq/7_S7_R1_001_Run230316.fastq.gz	7_S7_R1_001_Run230316.fastq.gz	492f44d3aa2ccf18574dd49929270d64
7_S7_R2_001_Run230316	/Volumes/kueck/FASTQ/CellLines/RNA-Seq/230316_VL00320_43_AACJYMYM5/Analysis/1/Data/fastq/7_S7_R2_001.fastq.gz	/Volumes/kueck/ovarian_cancer_cisplatin_response_manuscript/geo_metadata/data/230324-3way-merge/fastq/7_S7_R2_001_Run230316.fastq.gz	7_S7_R2_001_Run230316.fastq.gz	e082ffede7507a0c91d8afa422b2fddc
8_S8_R1_001_Run230316	/Volumes/kueck/FASTQ/CellLines/RNA-Seq/230316_VL00320_43_AACJYMYM5/Analysis/1/Data/fastq/8_S8_R1_001.fastq.gz	/Volumes/kueck/ovarian_cancer_cisplatin_response_manuscript/geo_metadata/data/230324-3way-merge/fastq/8_S8_R1_001_Run230316.fastq.gz	8_S8_R1_001_Run230316.fastq.gz	b194bd541d142bfc1d45c3dcebe9d6cb
8_S8_R2_001_Run230316	/Volumes/kueck/FASTQ/CellLines/RNA-Seq/230316_VL00320_43_AACJYMYM5/Analysis/1/Data/fastq/8_S8_R2_001.fastq.gz	/Volumes/kueck/ovarian_cancer_cisplatin_response_manuscript/geo_metadata/data/230324-3way-merge/fastq/8_S8_R2_001_Run230316.fastq.gz	8_S8_R2_001_Run230316.fastq.gz	26e818ad68e854e565ee27be35e90c22
9_S9_R1_001_Run230316	/Volumes/kueck/FASTQ/CellLines/RNA-Seq/230316_VL00320_43_AACJYMYM5/Analysis/1/Data/fastq/9_S9_R1_001.fastq.gz	/Volumes/kueck/ovarian_cancer_cisplatin_response_manuscript/geo_metadata/data/230324-3way-merge/fastq/9_S9_R1_001_Run230316.fastq.gz	9_S9_R1_001_Run230316.fastq.gz	4c7e7c1c731d66732ba2a1320e9ec322
9_S9_R2_001_Run230316	/Volumes/kueck/FASTQ/CellLines/RNA-Seq/230316_VL00320_43_AACJYMYM5/Analysis/1/Data/fastq/9_S9_R2_001.fastq.gz	/Volumes/kueck/ovarian_cancer_cisplatin_response_manuscript/geo_metadata/data/230324-3way-merge/fastq/9_S9_R2_001_Run230316.fastq.gz	9_S9_R2_001_Run230316.fastq.gz	68c6ff8efb46524f66f276219279bb56
10_S10_R1_001_Run230316	/Volumes/kueck/FASTQ/CellLines/RNA-Seq/230316_VL00320_43_AACJYMYM5/Analysis/1/Data/fastq/10_S10_R1_001.fastq.gz	/Volumes/kueck/ovarian_cancer_cisplatin_response_manuscript/geo_metadata/data/230324-3way-merge/fastq/10_S10_R1_001_Run230316.fastq.gz	10_S10_R1_001_Run230316.fastq.gz	09f249090d2a5c8843412bb520d8a196
10_S10_R2_001_Run230316	/Volumes/kueck/FASTQ/CellLines/RNA-Seq/230316_VL00320_43_AACJYMYM5/Analysis/1/Data/fastq/10_S10_R2_001.fastq.gz	/Volumes/kueck/ovarian_cancer_cisplatin_response_manuscript/geo_metadata/data/230324-3way-merge/fastq/10_S10_R2_001_Run230316.fastq.gz	10_S10_R2_001_Run230316.fastq.gz	a1aaa3005a262c1a9dcd334c56e19eca
11_S11_R1_001_Run230316	/Volumes/kueck/FASTQ/CellLines/RNA-Seq/230316_VL00320_43_AACJYMYM5/Analysis/1/Data/fastq/11_S11_R1_001.fastq.gz	/Volumes/kueck/ovarian_cancer_cisplatin_response_manuscript/geo_metadata/data/230324-3way-merge/fastq/11_S11_R1_001_Run230316.fastq.gz	11_S11_R1_001_Run230316.fastq.gz	293080a5ac3acc164e1e332696420604
11_S11_R2_001_Run230316	/Volumes/kueck/FASTQ/CellLines/RNA-Seq/230316_VL00320_43_AACJYMYM5/Analysis/1/Data/fastq/11_S11_R2_001.fastq.gz	/Volumes/kueck/ovarian_cancer_cisplatin_response_manuscript/geo_metadata/data/230324-3way-merge/fastq/11_S11_R2_001_Run230316.fastq.gz	11_S11_R2_001_Run230316.fastq.gz	991785cc91336c0e5bd76f17b3407a4d
12_S12_R1_001_Run230316	/Volumes/kueck/FASTQ/CellLines/RNA-Seq/230316_VL00320_43_AACJYMYM5/Analysis/1/Data/fastq/12_S12_R1_001.fastq.gz	/Volumes/kueck/ovarian_cancer_cisplatin_response_manuscript/geo_metadata/data/230324-3way-merge/fastq/12_S12_R1_001_Run230316.fastq.gz	12_S12_R1_001_Run230316.fastq.gz	b8ab130af85289dd8da3d1225baebfa4
12_S12_R2_001_Run230316	/Volumes/kueck/FASTQ/CellLines/RNA-Seq/230316_VL00320_43_AACJYMYM5/Analysis/1/Data/fastq/12_S12_R2_001.fastq.gz	/Volumes/kueck/ovarian_cancer_cisplatin_response_manuscript/geo_metadata/data/230324-3way-merge/fastq/12_S12_R2_001_Run230316.fastq.gz	12_S12_R2_001_Run230316.fastq.gz	3c33ec62d1c5af34013efdf397c09cf1
13_S13_R1_001_Run230316	/Volumes/kueck/FASTQ/CellLines/RNA-Seq/230316_VL00320_43_AACJYMYM5/Analysis/1/Data/fastq/13_S13_R1_001.fastq.gz	/Volumes/kueck/ovarian_cancer_cisplatin_response_manuscript/geo_metadata/data/230324-3way-merge/fastq/13_S13_R1_001_Run230316.fastq.gz	13_S13_R1_001_Run230316.fastq.gz	893957c489883d0fcbf165f1c56162e0
13_S13_R2_001_Run230316	/Volumes/kueck/FASTQ/CellLines/RNA-Seq/230316_VL00320_43_AACJYMYM5/Analysis/1/Data/fastq/13_S13_R2_001.fastq.gz	/Volumes/kueck/ovarian_cancer_cisplatin_response_manuscript/geo_metadata/data/230324-3way-merge/fastq/13_S13_R2_001_Run230316.fastq.gz	13_S13_R2_001_Run230316.fastq.gz	2e699c6658aa5d2acdac316ac9e90d1a
14_S14_R1_001_Run230316	/Volumes/kueck/FASTQ/CellLines/RNA-Seq/230316_VL00320_43_AACJYMYM5/Analysis/1/Data/fastq/14_S14_R1_001.fastq.gz	/Volumes/kueck/ovarian_cancer_cisplatin_response_manuscript/geo_metadata/data/230324-3way-merge/fastq/14_S14_R1_001_Run230316.fastq.gz	14_S14_R1_001_Run230316.fastq.gz	9d1954955e97703d5b9bf17382aea0d3
14_S14_R2_001_Run230316	/Volumes/kueck/FASTQ/CellLines/RNA-Seq/230316_VL00320_43_AACJYMYM5/Analysis/1/Data/fastq/14_S14_R2_001.fastq.gz	/Volumes/kueck/ovarian_cancer_cisplatin_response_manuscript/geo_metadata/data/230324-3way-merge/fastq/14_S14_R2_001_Run230316.fastq.gz	14_S14_R2_001_Run230316.fastq.gz	417a8841bf2f611516ff10d84d23ab50
15_S15_R1_001_Run230316	/Volumes/kueck/FASTQ/CellLines/RNA-Seq/230316_VL00320_43_AACJYMYM5/Analysis/1/Data/fastq/15_S15_R1_001.fastq.gz	/Volumes/kueck/ovarian_cancer_cisplatin_response_manuscript/geo_metadata/data/230324-3way-merge/fastq/15_S15_R1_001_Run230316.fastq.gz	15_S15_R1_001_Run230316.fastq.gz	9c8315153bdbec3e5bfb298e99784f60
15_S15_R2_001_Run230316	/Volumes/kueck/FASTQ/CellLines/RNA-Seq/230316_VL00320_43_AACJYMYM5/Analysis/1/Data/fastq/15_S15_R2_001.fastq.gz	/Volumes/kueck/ovarian_cancer_cisplatin_response_manuscript/geo_metadata/data/230324-3way-merge/fastq/15_S15_R2_001_Run230316.fastq.gz	15_S15_R2_001_Run230316.fastq.gz	845d527d34b5e955a8ebd37d86d92900
16_S16_R1_001_Run230316	/Volumes/kueck/FASTQ/CellLines/RNA-Seq/230316_VL00320_43_AACJYMYM5/Analysis/1/Data/fastq/16_S16_R1_001.fastq.gz	/Volumes/kueck/ovarian_cancer_cisplatin_response_manuscript/geo_metadata/data/230324-3way-merge/fastq/16_S16_R1_001_Run230316.fastq.gz	16_S16_R1_001_Run230316.fastq.gz	03d840e2c6dd71bbfdb043c31f99b8ee
16_S16_R2_001_Run230316	/Volumes/kueck/FASTQ/CellLines/RNA-Seq/230316_VL00320_43_AACJYMYM5/Analysis/1/Data/fastq/16_S16_R2_001.fastq.gz	/Volumes/kueck/ovarian_cancer_cisplatin_response_manuscript/geo_metadata/data/230324-3way-merge/fastq/16_S16_R2_001_Run230316.fastq.gz	16_S16_R2_001_Run230316.fastq.gz	02a445a8a67b59aed90c47a2d0827231
17_S17_R1_001_Run230316	/Volumes/kueck/FASTQ/CellLines/RNA-Seq/230316_VL00320_43_AACJYMYM5/Analysis/1/Data/fastq/17_S17_R1_001.fastq.gz	/Volumes/kueck/ovarian_cancer_cisplatin_response_manuscript/geo_metadata/data/230324-3way-merge/fastq/17_S17_R1_001_Run230316.fastq.gz	17_S17_R1_001_Run230316.fastq.gz	294be2bf46ae50a3a65610fe39e5c70e
17_S17_R2_001_Run230316	/Volumes/kueck/FASTQ/CellLines/RNA-Seq/230316_VL00320_43_AACJYMYM5/Analysis/1/Data/fastq/17_S17_R2_001.fastq.gz	/Volumes/kueck/ovarian_cancer_cisplatin_response_manuscript/geo_metadata/data/230324-3way-merge/fastq/17_S17_R2_001_Run230316.fastq.gz	17_S17_R2_001_Run230316.fastq.gz	ec316df40e90dd1c1807bf8c4cf5d0d6
18_S18_R1_001_Run230316	/Volumes/kueck/FASTQ/CellLines/RNA-Seq/230316_VL00320_43_AACJYMYM5/Analysis/1/Data/fastq/18_S18_R1_001.fastq.gz	/Volumes/kueck/ovarian_cancer_cisplatin_response_manuscript/geo_metadata/data/230324-3way-merge/fastq/18_S18_R1_001_Run230316.fastq.gz	18_S18_R1_001_Run230316.fastq.gz	ed66ecb65554b77de5fb429c1ca9db5e
18_S18_R2_001_Run230316	/Volumes/kueck/FASTQ/CellLines/RNA-Seq/230316_VL00320_43_AACJYMYM5/Analysis/1/Data/fastq/18_S18_R2_001.fastq.gz	/Volumes/kueck/ovarian_cancer_cisplatin_response_manuscript/geo_metadata/data/230324-3way-merge/fastq/18_S18_R2_001_Run230316.fastq.gz	18_S18_R2_001_Run230316.fastq.gz	1b8bfcd11f6327dd2be35bfc45582dca
19_S19_R1_001_Run230316	/Volumes/kueck/FASTQ/CellLines/RNA-Seq/230316_VL00320_43_AACJYMYM5/Analysis/1/Data/fastq/19_S19_R1_001.fastq.gz	/Volumes/kueck/ovarian_cancer_cisplatin_response_manuscript/geo_metadata/data/230324-3way-merge/fastq/19_S19_R1_001_Run230316.fastq.gz	19_S19_R1_001_Run230316.fastq.gz	5dd92ae56e0c2ae98d696feb5353e6db
19_S19_R2_001_Run230316	/Volumes/kueck/FASTQ/CellLines/RNA-Seq/230316_VL00320_43_AACJYMYM5/Analysis/1/Data/fastq/19_S19_R2_001.fastq.gz	/Volumes/kueck/ovarian_cancer_cisplatin_response_manuscript/geo_metadata/data/230324-3way-merge/fastq/19_S19_R2_001_Run230316.fastq.gz	19_S19_R2_001_Run230316.fastq.gz	9d64927bd67841b437d8f8b17a993373
20_S20_R1_001_Run230316	/Volumes/kueck/FASTQ/CellLines/RNA-Seq/230316_VL00320_43_AACJYMYM5/Analysis/1/Data/fastq/20_S20_R1_001.fastq.gz	/Volumes/kueck/ovarian_cancer_cisplatin_response_manuscript/geo_metadata/data/230324-3way-merge/fastq/20_S20_R1_001_Run230316.fastq.gz	20_S20_R1_001_Run230316.fastq.gz	dd10f01ded967b33512f8056310dd392
20_S20_R2_001_Run230316	/Volumes/kueck/FASTQ/CellLines/RNA-Seq/230316_VL00320_43_AACJYMYM5/Analysis/1/Data/fastq/20_S20_R2_001.fastq.gz	/Volumes/kueck/ovarian_cancer_cisplatin_response_manuscript/geo_metadata/data/230324-3way-merge/fastq/20_S20_R2_001_Run230316.fastq.gz	20_S20_R2_001_Run230316.fastq.gz	2780fd4c07014a3e3afb6e2f444e0a72
21_S21_R1_001_Run230316	/Volumes/kueck/FASTQ/CellLines/RNA-Seq/230316_VL00320_43_AACJYMYM5/Analysis/1/Data/fastq/21_S21_R1_001.fastq.gz	/Volumes/kueck/ovarian_cancer_cisplatin_response_manuscript/geo_metadata/data/230324-3way-merge/fastq/21_S21_R1_001_Run230316.fastq.gz	21_S21_R1_001_Run230316.fastq.gz	bd24d5b1b886eee605cc3fd5caa51ef4
21_S21_R2_001_Run230316	/Volumes/kueck/FASTQ/CellLines/RNA-Seq/230316_VL00320_43_AACJYMYM5/Analysis/1/Data/fastq/21_S21_R2_001.fastq.gz	/Volumes/kueck/ovarian_cancer_cisplatin_response_manuscript/geo_metadata/data/230324-3way-merge/fastq/21_S21_R2_001_Run230316.fastq.gz	21_S21_R2_001_Run230316.fastq.gz	8b2b31e5ce359dfde3b07fec6e87e13d
22_S22_R1_001_Run230316	/Volumes/kueck/FASTQ/CellLines/RNA-Seq/230316_VL00320_43_AACJYMYM5/Analysis/1/Data/fastq/22_S22_R1_001.fastq.gz	/Volumes/kueck/ovarian_cancer_cisplatin_response_manuscript/geo_metadata/data/230324-3way-merge/fastq/22_S22_R1_001_Run230316.fastq.gz	22_S22_R1_001_Run230316.fastq.gz	368fe7bfe9ec4295bdd9133ad21850cf
22_S22_R2_001_Run230316	/Volumes/kueck/FASTQ/CellLines/RNA-Seq/230316_VL00320_43_AACJYMYM5/Analysis/1/Data/fastq/22_S22_R2_001.fastq.gz	/Volumes/kueck/ovarian_cancer_cisplatin_response_manuscript/geo_metadata/data/230324-3way-merge/fastq/22_S22_R2_001_Run230316.fastq.gz	22_S22_R2_001_Run230316.fastq.gz	44c37a9c23d24359b2cb62c0b432194d
23_S23_R1_001_Run230316	/Volumes/kueck/FASTQ/CellLines/RNA-Seq/230316_VL00320_43_AACJYMYM5/Analysis/1/Data/fastq/23_S23_R1_001.fastq.gz	/Volumes/kueck/ovarian_cancer_cisplatin_response_manuscript/geo_metadata/data/230324-3way-merge/fastq/23_S23_R1_001_Run230316.fastq.gz	23_S23_R1_001_Run230316.fastq.gz	b28b46979fa79e061999d994ed530bda
23_S23_R2_001_Run230316	/Volumes/kueck/FASTQ/CellLines/RNA-Seq/230316_VL00320_43_AACJYMYM5/Analysis/1/Data/fastq/23_S23_R2_001.fastq.gz	/Volumes/kueck/ovarian_cancer_cisplatin_response_manuscript/geo_metadata/data/230324-3way-merge/fastq/23_S23_R2_001_Run230316.fastq.gz	23_S23_R2_001_Run230316.fastq.gz	0c3a880966b21a170ef094318a08d2e4
24_S24_R1_001_Run230316	/Volumes/kueck/FASTQ/CellLines/RNA-Seq/230316_VL00320_43_AACJYMYM5/Analysis/1/Data/fastq/24_S24_R1_001.fastq.gz	/Volumes/kueck/ovarian_cancer_cisplatin_response_manuscript/geo_metadata/data/230324-3way-merge/fastq/24_S24_R1_001_Run230316.fastq.gz	24_S24_R1_001_Run230316.fastq.gz	7785262405e43167e1194f640d4742a3
24_S24_R2_001_Run230316	/Volumes/kueck/FASTQ/CellLines/RNA-Seq/230316_VL00320_43_AACJYMYM5/Analysis/1/Data/fastq/24_S24_R2_001.fastq.gz	/Volumes/kueck/ovarian_cancer_cisplatin_response_manuscript/geo_metadata/data/230324-3way-merge/fastq/24_S24_R2_001_Run230316.fastq.gz	24_S24_R2_001_Run230316.fastq.gz	7ecd9fbc3371866e957b3556d2c3d308
25_S25_R1_001_Run230316	/Volumes/kueck/FASTQ/CellLines/RNA-Seq/230316_VL00320_43_AACJYMYM5/Analysis/1/Data/fastq/25_S25_R1_001.fastq.gz	/Volumes/kueck/ovarian_cancer_cisplatin_response_manuscript/geo_metadata/data/230324-3way-merge/fastq/25_S25_R1_001_Run230316.fastq.gz	25_S25_R1_001_Run230316.fastq.gz	4a394b878ffcbb9db414b6bf1ea14cca
25_S25_R2_001_Run230316	/Volumes/kueck/FASTQ/CellLines/RNA-Seq/230316_VL00320_43_AACJYMYM5/Analysis/1/Data/fastq/25_S25_R2_001.fastq.gz	/Volumes/kueck/ovarian_cancer_cisplatin_response_manuscript/geo_metadata/data/230324-3way-merge/fastq/25_S25_R2_001_Run230316.fastq.gz	25_S25_R2_001_Run230316.fastq.gz	af8a2558f6db65b68e1e9245021573f6
26_S26_R1_001_Run230316	/Volumes/kueck/FASTQ/CellLines/RNA-Seq/230316_VL00320_43_AACJYMYM5/Analysis/1/Data/fastq/26_S26_R1_001.fastq.gz	/Volumes/kueck/ovarian_cancer_cisplatin_response_manuscript/geo_metadata/data/230324-3way-merge/fastq/26_S26_R1_001_Run230316.fastq.gz	26_S26_R1_001_Run230316.fastq.gz	985645bce3f20964be67517b719f503d
26_S26_R2_001_Run230316	/Volumes/kueck/FASTQ/CellLines/RNA-Seq/230316_VL00320_43_AACJYMYM5/Analysis/1/Data/fastq/26_S26_R2_001.fastq.gz	/Volumes/kueck/ovarian_cancer_cisplatin_response_manuscript/geo_metadata/data/230324-3way-merge/fastq/26_S26_R2_001_Run230316.fastq.gz	26_S26_R2_001_Run230316.fastq.gz	faffeb76fdc1a655950f7fb7d557b164
27_S27_R1_001_Run230316	/Volumes/kueck/FASTQ/CellLines/RNA-Seq/230316_VL00320_43_AACJYMYM5/Analysis/1/Data/fastq/27_S27_R1_001.fastq.gz	/Volumes/kueck/ovarian_cancer_cisplatin_response_manuscript/geo_metadata/data/230324-3way-merge/fastq/27_S27_R1_001_Run230316.fastq.gz	27_S27_R1_001_Run230316.fastq.gz	43a70800684b584c63a519fd621b7a21
27_S27_R2_001_Run230316	/Volumes/kueck/FASTQ/CellLines/RNA-Seq/230316_VL00320_43_AACJYMYM5/Analysis/1/Data/fastq/27_S27_R2_001.fastq.gz	/Volumes/kueck/ovarian_cancer_cisplatin_response_manuscript/geo_metadata/data/230324-3way-merge/fastq/27_S27_R2_001_Run230316.fastq.gz	27_S27_R2_001_Run230316.fastq.gz	7af9d823586e178833ce4738295c9fbb
28_S28_R1_001_Run230316	/Volumes/kueck/FASTQ/CellLines/RNA-Seq/230316_VL00320_43_AACJYMYM5/Analysis/1/Data/fastq/28_S28_R1_001.fastq.gz	/Volumes/kueck/ovarian_cancer_cisplatin_response_manuscript/geo_metadata/data/230324-3way-merge/fastq/28_S28_R1_001_Run230316.fastq.gz	28_S28_R1_001_Run230316.fastq.gz	6dcdb6e35e13f5c165c03877cae1538d
28_S28_R2_001_Run230316	/Volumes/kueck/FASTQ/CellLines/RNA-Seq/230316_VL00320_43_AACJYMYM5/Analysis/1/Data/fastq/28_S28_R2_001.fastq.gz	/Volumes/kueck/ovarian_cancer_cisplatin_response_manuscript/geo_metadata/data/230324-3way-merge/fastq/28_S28_R2_001_Run230316.fastq.gz	28_S28_R2_001_Run230316.fastq.gz	2cd6cf6a02d822910afdb060f8a4bcaa
29_S29_R1_001_Run230316	/Volumes/kueck/FASTQ/CellLines/RNA-Seq/230316_VL00320_43_AACJYMYM5/Analysis/1/Data/fastq/29_S29_R1_001.fastq.gz	/Volumes/kueck/ovarian_cancer_cisplatin_response_manuscript/geo_metadata/data/230324-3way-merge/fastq/29_S29_R1_001_Run230316.fastq.gz	29_S29_R1_001_Run230316.fastq.gz	d83eca3a46a49d54c265fe52d0b5bcb8
29_S29_R2_001_Run230316	/Volumes/kueck/FASTQ/CellLines/RNA-Seq/230316_VL00320_43_AACJYMYM5/Analysis/1/Data/fastq/29_S29_R2_001.fastq.gz	/Volumes/kueck/ovarian_cancer_cisplatin_response_manuscript/geo_metadata/data/230324-3way-merge/fastq/29_S29_R2_001_Run230316.fastq.gz	29_S29_R2_001_Run230316.fastq.gz	42b4d6126042198a3f1a7f1758b70f8b
30_S30_R1_001_Run230316	/Volumes/kueck/FASTQ/CellLines/RNA-Seq/230316_VL00320_43_AACJYMYM5/Analysis/1/Data/fastq/30_S30_R1_001.fastq.gz	/Volumes/kueck/ovarian_cancer_cisplatin_response_manuscript/geo_metadata/data/230324-3way-merge/fastq/30_S30_R1_001_Run230316.fastq.gz	30_S30_R1_001_Run230316.fastq.gz	6944a8c9a5828aacfeac1d884973c563
30_S30_R2_001_Run230316	/Volumes/kueck/FASTQ/CellLines/RNA-Seq/230316_VL00320_43_AACJYMYM5/Analysis/1/Data/fastq/30_S30_R2_001.fastq.gz	/Volumes/kueck/ovarian_cancer_cisplatin_response_manuscript/geo_metadata/data/230324-3way-merge/fastq/30_S30_R2_001_Run230316.fastq.gz	30_S30_R2_001_Run230316.fastq.gz	68ac164cb22285481dbb183b266f67af
31_S31_R1_001_Run230316	/Volumes/kueck/FASTQ/CellLines/RNA-Seq/230316_VL00320_43_AACJYMYM5/Analysis/1/Data/fastq/31_S31_R1_001.fastq.gz	/Volumes/kueck/ovarian_cancer_cisplatin_response_manuscript/geo_metadata/data/230324-3way-merge/fastq/31_S31_R1_001_Run230316.fastq.gz	31_S31_R1_001_Run230316.fastq.gz	6567a7c9443d38eb800108360b8cf645
31_S31_R2_001_Run230316	/Volumes/kueck/FASTQ/CellLines/RNA-Seq/230316_VL00320_43_AACJYMYM5/Analysis/1/Data/fastq/31_S31_R2_001.fastq.gz	/Volumes/kueck/ovarian_cancer_cisplatin_response_manuscript/geo_metadata/data/230324-3way-merge/fastq/31_S31_R2_001_Run230316.fastq.gz	31_S31_R2_001_Run230316.fastq.gz	ac62ae4023c08d99f5c44fdff4aeb8a5
32_S32_R1_001_Run230316	/Volumes/kueck/FASTQ/CellLines/RNA-Seq/230316_VL00320_43_AACJYMYM5/Analysis/1/Data/fastq/32_S32_R1_001.fastq.gz	/Volumes/kueck/ovarian_cancer_cisplatin_response_manuscript/geo_metadata/data/230324-3way-merge/fastq/32_S32_R1_001_Run230316.fastq.gz	32_S32_R1_001_Run230316.fastq.gz	b78fe5e55b1cfbf7290e7e26eb042dd0
32_S32_R2_001_Run230316	/Volumes/kueck/FASTQ/CellLines/RNA-Seq/230316_VL00320_43_AACJYMYM5/Analysis/1/Data/fastq/32_S32_R2_001.fastq.gz	/Volumes/kueck/ovarian_cancer_cisplatin_response_manuscript/geo_metadata/data/230324-3way-merge/fastq/32_S32_R2_001_Run230316.fastq.gz	32_S32_R2_001_Run230316.fastq.gz	4c96596cb6ccee043dea4310d5b2d231
33_S33_R1_001_Run230316	/Volumes/kueck/FASTQ/CellLines/RNA-Seq/230316_VL00320_43_AACJYMYM5/Analysis/1/Data/fastq/33_S33_R1_001.fastq.gz	/Volumes/kueck/ovarian_cancer_cisplatin_response_manuscript/geo_metadata/data/230324-3way-merge/fastq/33_S33_R1_001_Run230316.fastq.gz	33_S33_R1_001_Run230316.fastq.gz	bd16436a77ae3fd9c404870b584736b4
33_S33_R2_001_Run230316	/Volumes/kueck/FASTQ/CellLines/RNA-Seq/230316_VL00320_43_AACJYMYM5/Analysis/1/Data/fastq/33_S33_R2_001.fastq.gz	/Volumes/kueck/ovarian_cancer_cisplatin_response_manuscript/geo_metadata/data/230324-3way-merge/fastq/33_S33_R2_001_Run230316.fastq.gz	33_S33_R2_001_Run230316.fastq.gz	75229c032413d75fae0ecff8eefded60
1_S1_R1_001_Run230322	/Volumes/kueck/FASTQ/CellLines/RNA-Seq/230322_VL00320_45_AACJYNCM5/Analysis/1/Data/fastq/1_S1_R1_001.fastq.gz	/Volumes/kueck/ovarian_cancer_cisplatin_response_manuscript/geo_metadata/data/230324-3way-merge/fastq/1_S1_R1_001_Run230322.fastq.gz	1_S1_R1_001_Run230322.fastq.gz	e6a0f071d42f1d960d8b9c179b17cce4
1_S1_R2_001_Run230322	/Volumes/kueck/FASTQ/CellLines/RNA-Seq/230322_VL00320_45_AACJYNCM5/Analysis/1/Data/fastq/1_S1_R2_001.fastq.gz	/Volumes/kueck/ovarian_cancer_cisplatin_response_manuscript/geo_metadata/data/230324-3way-merge/fastq/1_S1_R2_001_Run230322.fastq.gz	1_S1_R2_001_Run230322.fastq.gz	95bd4515c8945ab5d61f55183bbfb72a
2_S2_R1_001_Run230322	/Volumes/kueck/FASTQ/CellLines/RNA-Seq/230322_VL00320_45_AACJYNCM5/Analysis/1/Data/fastq/2_S2_R1_001.fastq.gz	/Volumes/kueck/ovarian_cancer_cisplatin_response_manuscript/geo_metadata/data/230324-3way-merge/fastq/2_S2_R1_001_Run230322.fastq.gz	2_S2_R1_001_Run230322.fastq.gz	e2e66b235307c0ee18a4d35479fb8e26
2_S2_R2_001_Run230322	/Volumes/kueck/FASTQ/CellLines/RNA-Seq/230322_VL00320_45_AACJYNCM5/Analysis/1/Data/fastq/2_S2_R2_001.fastq.gz	/Volumes/kueck/ovarian_cancer_cisplatin_response_manuscript/geo_metadata/data/230324-3way-merge/fastq/2_S2_R2_001_Run230322.fastq.gz	2_S2_R2_001_Run230322.fastq.gz	00fe9ed4d62f6a7dfef284fa10304022
3_S3_R1_001_Run230322	/Volumes/kueck/FASTQ/CellLines/RNA-Seq/230322_VL00320_45_AACJYNCM5/Analysis/1/Data/fastq/3_S3_R1_001.fastq.gz	/Volumes/kueck/ovarian_cancer_cisplatin_response_manuscript/geo_metadata/data/230324-3way-merge/fastq/3_S3_R1_001_Run230322.fastq.gz	3_S3_R1_001_Run230322.fastq.gz	30903a7cd5890dce4ca6773143d18e3a
3_S3_R2_001_Run230322	/Volumes/kueck/FASTQ/CellLines/RNA-Seq/230322_VL00320_45_AACJYNCM5/Analysis/1/Data/fastq/3_S3_R2_001.fastq.gz	/Volumes/kueck/ovarian_cancer_cisplatin_response_manuscript/geo_metadata/data/230324-3way-merge/fastq/3_S3_R2_001_Run230322.fastq.gz	3_S3_R2_001_Run230322.fastq.gz	74e8589d1b53cfcbf5cffa4034e4ea05
4_S4_R1_001_Run230322	/Volumes/kueck/FASTQ/CellLines/RNA-Seq/230322_VL00320_45_AACJYNCM5/Analysis/1/Data/fastq/4_S4_R1_001.fastq.gz	/Volumes/kueck/ovarian_cancer_cisplatin_response_manuscript/geo_metadata/data/230324-3way-merge/fastq/4_S4_R1_001_Run230322.fastq.gz	4_S4_R1_001_Run230322.fastq.gz	e3b80293a678a5b2b252d75ada325c33
4_S4_R2_001_Run230322	/Volumes/kueck/FASTQ/CellLines/RNA-Seq/230322_VL00320_45_AACJYNCM5/Analysis/1/Data/fastq/4_S4_R2_001.fastq.gz	/Volumes/kueck/ovarian_cancer_cisplatin_response_manuscript/geo_metadata/data/230324-3way-merge/fastq/4_S4_R2_001_Run230322.fastq.gz	4_S4_R2_001_Run230322.fastq.gz	6562ebde721f2baad4c63fd4f73d3ef2
5_S5_R1_001_Run230322	/Volumes/kueck/FASTQ/CellLines/RNA-Seq/230322_VL00320_45_AACJYNCM5/Analysis/1/Data/fastq/5_S5_R1_001.fastq.gz	/Volumes/kueck/ovarian_cancer_cisplatin_response_manuscript/geo_metadata/data/230324-3way-merge/fastq/5_S5_R1_001_Run230322.fastq.gz	5_S5_R1_001_Run230322.fastq.gz	91a73720ffda9f2fc3c3ab04eba804e9
5_S5_R2_001_Run230322	/Volumes/kueck/FASTQ/CellLines/RNA-Seq/230322_VL00320_45_AACJYNCM5/Analysis/1/Data/fastq/5_S5_R2_001.fastq.gz	/Volumes/kueck/ovarian_cancer_cisplatin_response_manuscript/geo_metadata/data/230324-3way-merge/fastq/5_S5_R2_001_Run230322.fastq.gz	5_S5_R2_001_Run230322.fastq.gz	2c1e4dc33323275ba7e9d79e3ce1c0bb
6_S6_R1_001_Run230322	/Volumes/kueck/FASTQ/CellLines/RNA-Seq/230322_VL00320_45_AACJYNCM5/Analysis/1/Data/fastq/6_S6_R1_001.fastq.gz	/Volumes/kueck/ovarian_cancer_cisplatin_response_manuscript/geo_metadata/data/230324-3way-merge/fastq/6_S6_R1_001_Run230322.fastq.gz	6_S6_R1_001_Run230322.fastq.gz	d5d3ae521b1118e8916cc60fd7661088
6_S6_R2_001_Run230322	/Volumes/kueck/FASTQ/CellLines/RNA-Seq/230322_VL00320_45_AACJYNCM5/Analysis/1/Data/fastq/6_S6_R2_001.fastq.gz	/Volumes/kueck/ovarian_cancer_cisplatin_response_manuscript/geo_metadata/data/230324-3way-merge/fastq/6_S6_R2_001_Run230322.fastq.gz	6_S6_R2_001_Run230322.fastq.gz	5eee34831450e23752a178aeb6aca02b
7_S7_R1_001_Run230322	/Volumes/kueck/FASTQ/CellLines/RNA-Seq/230322_VL00320_45_AACJYNCM5/Analysis/1/Data/fastq/7_S7_R1_001.fastq.gz	/Volumes/kueck/ovarian_cancer_cisplatin_response_manuscript/geo_metadata/data/230324-3way-merge/fastq/7_S7_R1_001_Run230322.fastq.gz	7_S7_R1_001_Run230322.fastq.gz	577a731e893a4243faac6a987a9aedb7
7_S7_R2_001_Run230322	/Volumes/kueck/FASTQ/CellLines/RNA-Seq/230322_VL00320_45_AACJYNCM5/Analysis/1/Data/fastq/7_S7_R2_001.fastq.gz	/Volumes/kueck/ovarian_cancer_cisplatin_response_manuscript/geo_metadata/data/230324-3way-merge/fastq/7_S7_R2_001_Run230322.fastq.gz	7_S7_R2_001_Run230322.fastq.gz	c604c96566aee036fea56bde38953b78
8_S8_R1_001_Run230322	/Volumes/kueck/FASTQ/CellLines/RNA-Seq/230322_VL00320_45_AACJYNCM5/Analysis/1/Data/fastq/8_S8_R1_001.fastq.gz	/Volumes/kueck/ovarian_cancer_cisplatin_response_manuscript/geo_metadata/data/230324-3way-merge/fastq/8_S8_R1_001_Run230322.fastq.gz	8_S8_R1_001_Run230322.fastq.gz	d59ad3706ece8dd4e3c8f71fbddc6697
8_S8_R2_001_Run230322	/Volumes/kueck/FASTQ/CellLines/RNA-Seq/230322_VL00320_45_AACJYNCM5/Analysis/1/Data/fastq/8_S8_R2_001.fastq.gz	/Volumes/kueck/ovarian_cancer_cisplatin_response_manuscript/geo_metadata/data/230324-3way-merge/fastq/8_S8_R2_001_Run230322.fastq.gz	8_S8_R2_001_Run230322.fastq.gz	ffe228b20c3860dd9e4656d60c75da77
9_S9_R1_001_Run230322	/Volumes/kueck/FASTQ/CellLines/RNA-Seq/230322_VL00320_45_AACJYNCM5/Analysis/1/Data/fastq/9_S9_R1_001.fastq.gz	/Volumes/kueck/ovarian_cancer_cisplatin_response_manuscript/geo_metadata/data/230324-3way-merge/fastq/9_S9_R1_001_Run230322.fastq.gz	9_S9_R1_001_Run230322.fastq.gz	485b1d8aeb8225b39aa4ae8cb702263e
9_S9_R2_001_Run230322	/Volumes/kueck/FASTQ/CellLines/RNA-Seq/230322_VL00320_45_AACJYNCM5/Analysis/1/Data/fastq/9_S9_R2_001.fastq.gz	/Volumes/kueck/ovarian_cancer_cisplatin_response_manuscript/geo_metadata/data/230324-3way-merge/fastq/9_S9_R2_001_Run230322.fastq.gz	9_S9_R2_001_Run230322.fastq.gz	3c793d5da5d319e9546163b46b2ce818
10_S10_R1_001_Run230322	/Volumes/kueck/FASTQ/CellLines/RNA-Seq/230322_VL00320_45_AACJYNCM5/Analysis/1/Data/fastq/10_S10_R1_001.fastq.gz	/Volumes/kueck/ovarian_cancer_cisplatin_response_manuscript/geo_metadata/data/230324-3way-merge/fastq/10_S10_R1_001_Run230322.fastq.gz	10_S10_R1_001_Run230322.fastq.gz	34204f633453dfaca14048a9096b7e2b
10_S10_R2_001_Run230322	/Volumes/kueck/FASTQ/CellLines/RNA-Seq/230322_VL00320_45_AACJYNCM5/Analysis/1/Data/fastq/10_S10_R2_001.fastq.gz	/Volumes/kueck/ovarian_cancer_cisplatin_response_manuscript/geo_metadata/data/230324-3way-merge/fastq/10_S10_R2_001_Run230322.fastq.gz	10_S10_R2_001_Run230322.fastq.gz	174592ba1001352a488801f79fd69298
11_S11_R1_001_Run230322	/Volumes/kueck/FASTQ/CellLines/RNA-Seq/230322_VL00320_45_AACJYNCM5/Analysis/1/Data/fastq/11_S11_R1_001.fastq.gz	/Volumes/kueck/ovarian_cancer_cisplatin_response_manuscript/geo_metadata/data/230324-3way-merge/fastq/11_S11_R1_001_Run230322.fastq.gz	11_S11_R1_001_Run230322.fastq.gz	590bab558eee00304c3c3af0fa9669b8
11_S11_R2_001_Run230322	/Volumes/kueck/FASTQ/CellLines/RNA-Seq/230322_VL00320_45_AACJYNCM5/Analysis/1/Data/fastq/11_S11_R2_001.fastq.gz	/Volumes/kueck/ovarian_cancer_cisplatin_response_manuscript/geo_metadata/data/230324-3way-merge/fastq/11_S11_R2_001_Run230322.fastq.gz	11_S11_R2_001_Run230322.fastq.gz	d7cc1d05d6fa626bc44cb382d7cfc9c6
12_S12_R1_001_Run230322	/Volumes/kueck/FASTQ/CellLines/RNA-Seq/230322_VL00320_45_AACJYNCM5/Analysis/1/Data/fastq/12_S12_R1_001.fastq.gz	/Volumes/kueck/ovarian_cancer_cisplatin_response_manuscript/geo_metadata/data/230324-3way-merge/fastq/12_S12_R1_001_Run230322.fastq.gz	12_S12_R1_001_Run230322.fastq.gz	9a8e587f6b16811b028ecb078c83d2af
12_S12_R2_001_Run230322	/Volumes/kueck/FASTQ/CellLines/RNA-Seq/230322_VL00320_45_AACJYNCM5/Analysis/1/Data/fastq/12_S12_R2_001.fastq.gz	/Volumes/kueck/ovarian_cancer_cisplatin_response_manuscript/geo_metadata/data/230324-3way-merge/fastq/12_S12_R2_001_Run230322.fastq.gz	12_S12_R2_001_Run230322.fastq.gz	54fb810a8baf60af6f099d5be8b09a61
13_S13_R1_001_Run230322	/Volumes/kueck/FASTQ/CellLines/RNA-Seq/230322_VL00320_45_AACJYNCM5/Analysis/1/Data/fastq/13_S13_R1_001.fastq.gz	/Volumes/kueck/ovarian_cancer_cisplatin_response_manuscript/geo_metadata/data/230324-3way-merge/fastq/13_S13_R1_001_Run230322.fastq.gz	13_S13_R1_001_Run230322.fastq.gz	003417dae9da937f414fd5db9738ca38
13_S13_R2_001_Run230322	/Volumes/kueck/FASTQ/CellLines/RNA-Seq/230322_VL00320_45_AACJYNCM5/Analysis/1/Data/fastq/13_S13_R2_001.fastq.gz	/Volumes/kueck/ovarian_cancer_cisplatin_response_manuscript/geo_metadata/data/230324-3way-merge/fastq/13_S13_R2_001_Run230322.fastq.gz	13_S13_R2_001_Run230322.fastq.gz	9e8c2e39d4a32d6b1b8ad7d0acff521a
14_S14_R1_001_Run230322	/Volumes/kueck/FASTQ/CellLines/RNA-Seq/230322_VL00320_45_AACJYNCM5/Analysis/1/Data/fastq/14_S14_R1_001.fastq.gz	/Volumes/kueck/ovarian_cancer_cisplatin_response_manuscript/geo_metadata/data/230324-3way-merge/fastq/14_S14_R1_001_Run230322.fastq.gz	14_S14_R1_001_Run230322.fastq.gz	d65235918df16a16652aa205471c4a39
14_S14_R2_001_Run230322	/Volumes/kueck/FASTQ/CellLines/RNA-Seq/230322_VL00320_45_AACJYNCM5/Analysis/1/Data/fastq/14_S14_R2_001.fastq.gz	/Volumes/kueck/ovarian_cancer_cisplatin_response_manuscript/geo_metadata/data/230324-3way-merge/fastq/14_S14_R2_001_Run230322.fastq.gz	14_S14_R2_001_Run230322.fastq.gz	6363e55bd05a2965da1db9c4d451bd80
15_S15_R1_001_Run230322	/Volumes/kueck/FASTQ/CellLines/RNA-Seq/230322_VL00320_45_AACJYNCM5/Analysis/1/Data/fastq/15_S15_R1_001.fastq.gz	/Volumes/kueck/ovarian_cancer_cisplatin_response_manuscript/geo_metadata/data/230324-3way-merge/fastq/15_S15_R1_001_Run230322.fastq.gz	15_S15_R1_001_Run230322.fastq.gz	99ebed8eab8c0ebaf9ce5f9da6fa1949
15_S15_R2_001_Run230322	/Volumes/kueck/FASTQ/CellLines/RNA-Seq/230322_VL00320_45_AACJYNCM5/Analysis/1/Data/fastq/15_S15_R2_001.fastq.gz	/Volumes/kueck/ovarian_cancer_cisplatin_response_manuscript/geo_metadata/data/230324-3way-merge/fastq/15_S15_R2_001_Run230322.fastq.gz	15_S15_R2_001_Run230322.fastq.gz	b2a0bbd9bc9c64f3d18480617219cb70
16_S16_R1_001_Run230322	/Volumes/kueck/FASTQ/CellLines/RNA-Seq/230322_VL00320_45_AACJYNCM5/Analysis/1/Data/fastq/16_S16_R1_001.fastq.gz	/Volumes/kueck/ovarian_cancer_cisplatin_response_manuscript/geo_metadata/data/230324-3way-merge/fastq/16_S16_R1_001_Run230322.fastq.gz	16_S16_R1_001_Run230322.fastq.gz	a653b233147d2d1f8ee40615dcc73971
16_S16_R2_001_Run230322	/Volumes/kueck/FASTQ/CellLines/RNA-Seq/230322_VL00320_45_AACJYNCM5/Analysis/1/Data/fastq/16_S16_R2_001.fastq.gz	/Volumes/kueck/ovarian_cancer_cisplatin_response_manuscript/geo_metadata/data/230324-3way-merge/fastq/16_S16_R2_001_Run230322.fastq.gz	16_S16_R2_001_Run230322.fastq.gz	44af1908fcb6daf4597e6808b0180aba
17_S17_R1_001_Run230322	/Volumes/kueck/FASTQ/CellLines/RNA-Seq/230322_VL00320_45_AACJYNCM5/Analysis/1/Data/fastq/17_S17_R1_001.fastq.gz	/Volumes/kueck/ovarian_cancer_cisplatin_response_manuscript/geo_metadata/data/230324-3way-merge/fastq/17_S17_R1_001_Run230322.fastq.gz	17_S17_R1_001_Run230322.fastq.gz	6d313419238a6ef7276eb846ef8e4827
17_S17_R2_001_Run230322	/Volumes/kueck/FASTQ/CellLines/RNA-Seq/230322_VL00320_45_AACJYNCM5/Analysis/1/Data/fastq/17_S17_R2_001.fastq.gz	/Volumes/kueck/ovarian_cancer_cisplatin_response_manuscript/geo_metadata/data/230324-3way-merge/fastq/17_S17_R2_001_Run230322.fastq.gz	17_S17_R2_001_Run230322.fastq.gz	27e9e161e34540ab7fd79881a260fa39
18_S18_R1_001_Run230322	/Volumes/kueck/FASTQ/CellLines/RNA-Seq/230322_VL00320_45_AACJYNCM5/Analysis/1/Data/fastq/18_S18_R1_001.fastq.gz	/Volumes/kueck/ovarian_cancer_cisplatin_response_manuscript/geo_metadata/data/230324-3way-merge/fastq/18_S18_R1_001_Run230322.fastq.gz	18_S18_R1_001_Run230322.fastq.gz	c7a2ce565f2d771dec0b3d1e5b6261e7
18_S18_R2_001_Run230322	/Volumes/kueck/FASTQ/CellLines/RNA-Seq/230322_VL00320_45_AACJYNCM5/Analysis/1/Data/fastq/18_S18_R2_001.fastq.gz	/Volumes/kueck/ovarian_cancer_cisplatin_response_manuscript/geo_metadata/data/230324-3way-merge/fastq/18_S18_R2_001_Run230322.fastq.gz	18_S18_R2_001_Run230322.fastq.gz	61767c5093a7655e11e52e4a9884e5cb
19_S19_R1_001_Run230322	/Volumes/kueck/FASTQ/CellLines/RNA-Seq/230322_VL00320_45_AACJYNCM5/Analysis/1/Data/fastq/19_S19_R1_001.fastq.gz	/Volumes/kueck/ovarian_cancer_cisplatin_response_manuscript/geo_metadata/data/230324-3way-merge/fastq/19_S19_R1_001_Run230322.fastq.gz	19_S19_R1_001_Run230322.fastq.gz	23f5c05060a6fdba1fb2da3eae8aa8e9
19_S19_R2_001_Run230322	/Volumes/kueck/FASTQ/CellLines/RNA-Seq/230322_VL00320_45_AACJYNCM5/Analysis/1/Data/fastq/19_S19_R2_001.fastq.gz	/Volumes/kueck/ovarian_cancer_cisplatin_response_manuscript/geo_metadata/data/230324-3way-merge/fastq/19_S19_R2_001_Run230322.fastq.gz	19_S19_R2_001_Run230322.fastq.gz	8eb0d4dc5964af63a622535a28b16821
20_S20_R1_001_Run230322	/Volumes/kueck/FASTQ/CellLines/RNA-Seq/230322_VL00320_45_AACJYNCM5/Analysis/1/Data/fastq/20_S20_R1_001.fastq.gz	/Volumes/kueck/ovarian_cancer_cisplatin_response_manuscript/geo_metadata/data/230324-3way-merge/fastq/20_S20_R1_001_Run230322.fastq.gz	20_S20_R1_001_Run230322.fastq.gz	74e200a634275ddfdf82e3adbf9a7101
20_S20_R2_001_Run230322	/Volumes/kueck/FASTQ/CellLines/RNA-Seq/230322_VL00320_45_AACJYNCM5/Analysis/1/Data/fastq/20_S20_R2_001.fastq.gz	/Volumes/kueck/ovarian_cancer_cisplatin_response_manuscript/geo_metadata/data/230324-3way-merge/fastq/20_S20_R2_001_Run230322.fastq.gz	20_S20_R2_001_Run230322.fastq.gz	d47ef9a8cbb0d0e4a3dfb5d0429675a0
21_S21_R1_001_Run230322	/Volumes/kueck/FASTQ/CellLines/RNA-Seq/230322_VL00320_45_AACJYNCM5/Analysis/1/Data/fastq/21_S21_R1_001.fastq.gz	/Volumes/kueck/ovarian_cancer_cisplatin_response_manuscript/geo_metadata/data/230324-3way-merge/fastq/21_S21_R1_001_Run230322.fastq.gz	21_S21_R1_001_Run230322.fastq.gz	b4c58563d33b02c2441c3d6b618eb2e2
21_S21_R2_001_Run230322	/Volumes/kueck/FASTQ/CellLines/RNA-Seq/230322_VL00320_45_AACJYNCM5/Analysis/1/Data/fastq/21_S21_R2_001.fastq.gz	/Volumes/kueck/ovarian_cancer_cisplatin_response_manuscript/geo_metadata/data/230324-3way-merge/fastq/21_S21_R2_001_Run230322.fastq.gz	21_S21_R2_001_Run230322.fastq.gz	67e1ed45a657d2c5ecba0014af6ca05a
22_S22_R1_001_Run230322	/Volumes/kueck/FASTQ/CellLines/RNA-Seq/230322_VL00320_45_AACJYNCM5/Analysis/1/Data/fastq/22_S22_R1_001.fastq.gz	/Volumes/kueck/ovarian_cancer_cisplatin_response_manuscript/geo_metadata/data/230324-3way-merge/fastq/22_S22_R1_001_Run230322.fastq.gz	22_S22_R1_001_Run230322.fastq.gz	70723896b175e2ff39c6a0d370312794
22_S22_R2_001_Run230322	/Volumes/kueck/FASTQ/CellLines/RNA-Seq/230322_VL00320_45_AACJYNCM5/Analysis/1/Data/fastq/22_S22_R2_001.fastq.gz	/Volumes/kueck/ovarian_cancer_cisplatin_response_manuscript/geo_metadata/data/230324-3way-merge/fastq/22_S22_R2_001_Run230322.fastq.gz	22_S22_R2_001_Run230322.fastq.gz	1faa818e47f64b004740c8bcbc49d015
23_S23_R1_001_Run230322	/Volumes/kueck/FASTQ/CellLines/RNA-Seq/230322_VL00320_45_AACJYNCM5/Analysis/1/Data/fastq/23_S23_R1_001.fastq.gz	/Volumes/kueck/ovarian_cancer_cisplatin_response_manuscript/geo_metadata/data/230324-3way-merge/fastq/23_S23_R1_001_Run230322.fastq.gz	23_S23_R1_001_Run230322.fastq.gz	208ff45510927353c393089afcbccbc4
23_S23_R2_001_Run230322	/Volumes/kueck/FASTQ/CellLines/RNA-Seq/230322_VL00320_45_AACJYNCM5/Analysis/1/Data/fastq/23_S23_R2_001.fastq.gz	/Volumes/kueck/ovarian_cancer_cisplatin_response_manuscript/geo_metadata/data/230324-3way-merge/fastq/23_S23_R2_001_Run230322.fastq.gz	23_S23_R2_001_Run230322.fastq.gz	ee3fe8da6b2312fe0ecb5c2810b2292d
24_S24_R1_001_Run230322	/Volumes/kueck/FASTQ/CellLines/RNA-Seq/230322_VL00320_45_AACJYNCM5/Analysis/1/Data/fastq/24_S24_R1_001.fastq.gz	/Volumes/kueck/ovarian_cancer_cisplatin_response_manuscript/geo_metadata/data/230324-3way-merge/fastq/24_S24_R1_001_Run230322.fastq.gz	24_S24_R1_001_Run230322.fastq.gz	57beb0a2619d42af9a5757c695adc7ba
24_S24_R2_001_Run230322	/Volumes/kueck/FASTQ/CellLines/RNA-Seq/230322_VL00320_45_AACJYNCM5/Analysis/1/Data/fastq/24_S24_R2_001.fastq.gz	/Volumes/kueck/ovarian_cancer_cisplatin_response_manuscript/geo_metadata/data/230324-3way-merge/fastq/24_S24_R2_001_Run230322.fastq.gz	24_S24_R2_001_Run230322.fastq.gz	603a9ddf94a5253ad0e5a2e2bd6a30d4
25_S25_R1_001_Run230322	/Volumes/kueck/FASTQ/CellLines/RNA-Seq/230322_VL00320_45_AACJYNCM5/Analysis/1/Data/fastq/25_S25_R1_001.fastq.gz	/Volumes/kueck/ovarian_cancer_cisplatin_response_manuscript/geo_metadata/data/230324-3way-merge/fastq/25_S25_R1_001_Run230322.fastq.gz	25_S25_R1_001_Run230322.fastq.gz	f4230c20e78603b1cdad8bca8ef09369
25_S25_R2_001_Run230322	/Volumes/kueck/FASTQ/CellLines/RNA-Seq/230322_VL00320_45_AACJYNCM5/Analysis/1/Data/fastq/25_S25_R2_001.fastq.gz	/Volumes/kueck/ovarian_cancer_cisplatin_response_manuscript/geo_metadata/data/230324-3way-merge/fastq/25_S25_R2_001_Run230322.fastq.gz	25_S25_R2_001_Run230322.fastq.gz	b2d2b8f6d61769f0081c337c52a7dff9
26_S26_R1_001_Run230322	/Volumes/kueck/FASTQ/CellLines/RNA-Seq/230322_VL00320_45_AACJYNCM5/Analysis/1/Data/fastq/26_S26_R1_001.fastq.gz	/Volumes/kueck/ovarian_cancer_cisplatin_response_manuscript/geo_metadata/data/230324-3way-merge/fastq/26_S26_R1_001_Run230322.fastq.gz	26_S26_R1_001_Run230322.fastq.gz	e3ed08efb9a006baf2cd902872d608c7
26_S26_R2_001_Run230322	/Volumes/kueck/FASTQ/CellLines/RNA-Seq/230322_VL00320_45_AACJYNCM5/Analysis/1/Data/fastq/26_S26_R2_001.fastq.gz	/Volumes/kueck/ovarian_cancer_cisplatin_response_manuscript/geo_metadata/data/230324-3way-merge/fastq/26_S26_R2_001_Run230322.fastq.gz	26_S26_R2_001_Run230322.fastq.gz	faa6363311bdabed7abaad63ae3d5dbe
27_S27_R1_001_Run230322	/Volumes/kueck/FASTQ/CellLines/RNA-Seq/230322_VL00320_45_AACJYNCM5/Analysis/1/Data/fastq/27_S27_R1_001.fastq.gz	/Volumes/kueck/ovarian_cancer_cisplatin_response_manuscript/geo_metadata/data/230324-3way-merge/fastq/27_S27_R1_001_Run230322.fastq.gz	27_S27_R1_001_Run230322.fastq.gz	0beb8e0f29d537549a08906ecace5342
27_S27_R2_001_Run230322	/Volumes/kueck/FASTQ/CellLines/RNA-Seq/230322_VL00320_45_AACJYNCM5/Analysis/1/Data/fastq/27_S27_R2_001.fastq.gz	/Volumes/kueck/ovarian_cancer_cisplatin_response_manuscript/geo_metadata/data/230324-3way-merge/fastq/27_S27_R2_001_Run230322.fastq.gz	27_S27_R2_001_Run230322.fastq.gz	cf95c17a1e7d64547c5b13f84bf32a76
28_S28_R1_001_Run230322	/Volumes/kueck/FASTQ/CellLines/RNA-Seq/230322_VL00320_45_AACJYNCM5/Analysis/1/Data/fastq/28_S28_R1_001.fastq.gz	/Volumes/kueck/ovarian_cancer_cisplatin_response_manuscript/geo_metadata/data/230324-3way-merge/fastq/28_S28_R1_001_Run230322.fastq.gz	28_S28_R1_001_Run230322.fastq.gz	6ff2b0f9e7d7cb169627f58a63cee421
28_S28_R2_001_Run230322	/Volumes/kueck/FASTQ/CellLines/RNA-Seq/230322_VL00320_45_AACJYNCM5/Analysis/1/Data/fastq/28_S28_R2_001.fastq.gz	/Volumes/kueck/ovarian_cancer_cisplatin_response_manuscript/geo_metadata/data/230324-3way-merge/fastq/28_S28_R2_001_Run230322.fastq.gz	28_S28_R2_001_Run230322.fastq.gz	6f1c4bb41cdb957bc0833c79884e8159
29_S29_R1_001_Run230322	/Volumes/kueck/FASTQ/CellLines/RNA-Seq/230322_VL00320_45_AACJYNCM5/Analysis/1/Data/fastq/29_S29_R1_001.fastq.gz	/Volumes/kueck/ovarian_cancer_cisplatin_response_manuscript/geo_metadata/data/230324-3way-merge/fastq/29_S29_R1_001_Run230322.fastq.gz	29_S29_R1_001_Run230322.fastq.gz	af21e408757d0de40ee3fac86e75173b
29_S29_R2_001_Run230322	/Volumes/kueck/FASTQ/CellLines/RNA-Seq/230322_VL00320_45_AACJYNCM5/Analysis/1/Data/fastq/29_S29_R2_001.fastq.gz	/Volumes/kueck/ovarian_cancer_cisplatin_response_manuscript/geo_metadata/data/230324-3way-merge/fastq/29_S29_R2_001_Run230322.fastq.gz	29_S29_R2_001_Run230322.fastq.gz	487d090c63d4196261cd80497ab98e69
30_S30_R1_001_Run230322	/Volumes/kueck/FASTQ/CellLines/RNA-Seq/230322_VL00320_45_AACJYNCM5/Analysis/1/Data/fastq/30_S30_R1_001.fastq.gz	/Volumes/kueck/ovarian_cancer_cisplatin_response_manuscript/geo_metadata/data/230324-3way-merge/fastq/30_S30_R1_001_Run230322.fastq.gz	30_S30_R1_001_Run230322.fastq.gz	9806715bd2d5761f53e8a1e8b2aceb3d
30_S30_R2_001_Run230322	/Volumes/kueck/FASTQ/CellLines/RNA-Seq/230322_VL00320_45_AACJYNCM5/Analysis/1/Data/fastq/30_S30_R2_001.fastq.gz	/Volumes/kueck/ovarian_cancer_cisplatin_response_manuscript/geo_metadata/data/230324-3way-merge/fastq/30_S30_R2_001_Run230322.fastq.gz	30_S30_R2_001_Run230322.fastq.gz	59616179c62f0ea8f42531e59249ba0f
31_S31_R1_001_Run230322	/Volumes/kueck/FASTQ/CellLines/RNA-Seq/230322_VL00320_45_AACJYNCM5/Analysis/1/Data/fastq/31_S31_R1_001.fastq.gz	/Volumes/kueck/ovarian_cancer_cisplatin_response_manuscript/geo_metadata/data/230324-3way-merge/fastq/31_S31_R1_001_Run230322.fastq.gz	31_S31_R1_001_Run230322.fastq.gz	7858ec9f9075bed972be734f62b7f886
31_S31_R2_001_Run230322	/Volumes/kueck/FASTQ/CellLines/RNA-Seq/230322_VL00320_45_AACJYNCM5/Analysis/1/Data/fastq/31_S31_R2_001.fastq.gz	/Volumes/kueck/ovarian_cancer_cisplatin_response_manuscript/geo_metadata/data/230324-3way-merge/fastq/31_S31_R2_001_Run230322.fastq.gz	31_S31_R2_001_Run230322.fastq.gz	8f6dc44416d83ee6c716bbf6e17fbe23
32_S32_R1_001_Run230322	/Volumes/kueck/FASTQ/CellLines/RNA-Seq/230322_VL00320_45_AACJYNCM5/Analysis/1/Data/fastq/32_S32_R1_001.fastq.gz	/Volumes/kueck/ovarian_cancer_cisplatin_response_manuscript/geo_metadata/data/230324-3way-merge/fastq/32_S32_R1_001_Run230322.fastq.gz	32_S32_R1_001_Run230322.fastq.gz	b4fe377fcfd5c59c483105edadb27b56
32_S32_R2_001_Run230322	/Volumes/kueck/FASTQ/CellLines/RNA-Seq/230322_VL00320_45_AACJYNCM5/Analysis/1/Data/fastq/32_S32_R2_001.fastq.gz	/Volumes/kueck/ovarian_cancer_cisplatin_response_manuscript/geo_metadata/data/230324-3way-merge/fastq/32_S32_R2_001_Run230322.fastq.gz	32_S32_R2_001_Run230322.fastq.gz	efe2655ea2d4517eff398cf96d05bd21
33_S33_R1_001_Run230322	/Volumes/kueck/FASTQ/CellLines/RNA-Seq/230322_VL00320_45_AACJYNCM5/Analysis/1/Data/fastq/33_S33_R1_001.fastq.gz	/Volumes/kueck/ovarian_cancer_cisplatin_response_manuscript/geo_metadata/data/230324-3way-merge/fastq/33_S33_R1_001_Run230322.fastq.gz	33_S33_R1_001_Run230322.fastq.gz	2cc7aeb3c7010a1862c393168e018fef
33_S33_R2_001_Run230322	/Volumes/kueck/FASTQ/CellLines/RNA-Seq/230322_VL00320_45_AACJYNCM5/Analysis/1/Data/fastq/33_S33_R2_001.fastq.gz	/Volumes/kueck/ovarian_cancer_cisplatin_response_manuscript/geo_metadata/data/230324-3way-merge/fastq/33_S33_R2_001_Run230322.fastq.gz	33_S33_R2_001_Run230322.fastq.gz	51582cc696883b78506d186563551148
1_S1_R1_001_Run230323	/Volumes/kueck/FASTQ/CellLines/RNA-Seq/230323_run/fastq/1_S1_R1_001.fastq.gz	/Volumes/kueck/ovarian_cancer_cisplatin_response_manuscript/geo_metadata/data/230324-3way-merge/fastq/1_S1_R1_001_Run230323.fastq.gz	1_S1_R1_001_Run230323.fastq.gz	2f6135df7dd29cd6fcae8048dc97353a
1_S1_R2_001_Run230323	/Volumes/kueck/FASTQ/CellLines/RNA-Seq/230323_run/fastq/1_S1_R2_001.fastq.gz	/Volumes/kueck/ovarian_cancer_cisplatin_response_manuscript/geo_metadata/data/230324-3way-merge/fastq/1_S1_R2_001_Run230323.fastq.gz	1_S1_R2_001_Run230323.fastq.gz	3e8f01afe7d9a6a5139e1fee2426b8df
2_S2_R1_001_Run230323	/Volumes/kueck/FASTQ/CellLines/RNA-Seq/230323_run/fastq/2_S2_R1_001.fastq.gz	/Volumes/kueck/ovarian_cancer_cisplatin_response_manuscript/geo_metadata/data/230324-3way-merge/fastq/2_S2_R1_001_Run230323.fastq.gz	2_S2_R1_001_Run230323.fastq.gz	15add67510221cd59f50f8834eda09eb
2_S2_R2_001_Run230323	/Volumes/kueck/FASTQ/CellLines/RNA-Seq/230323_run/fastq/2_S2_R2_001.fastq.gz	/Volumes/kueck/ovarian_cancer_cisplatin_response_manuscript/geo_metadata/data/230324-3way-merge/fastq/2_S2_R2_001_Run230323.fastq.gz	2_S2_R2_001_Run230323.fastq.gz	27f6831b7fcbc9a5a2fd189f8ed1500d
3_S3_R1_001_Run230323	/Volumes/kueck/FASTQ/CellLines/RNA-Seq/230323_run/fastq/3_S3_R1_001.fastq.gz	/Volumes/kueck/ovarian_cancer_cisplatin_response_manuscript/geo_metadata/data/230324-3way-merge/fastq/3_S3_R1_001_Run230323.fastq.gz	3_S3_R1_001_Run230323.fastq.gz	14fe3f747f8466eca4cf75955d213f37
3_S3_R2_001_Run230323	/Volumes/kueck/FASTQ/CellLines/RNA-Seq/230323_run/fastq/3_S3_R2_001.fastq.gz	/Volumes/kueck/ovarian_cancer_cisplatin_response_manuscript/geo_metadata/data/230324-3way-merge/fastq/3_S3_R2_001_Run230323.fastq.gz	3_S3_R2_001_Run230323.fastq.gz	88a201e65b27f67213d6a88d2e5db8e2
4_S4_R1_001_Run230323	/Volumes/kueck/FASTQ/CellLines/RNA-Seq/230323_run/fastq/4_S4_R1_001.fastq.gz	/Volumes/kueck/ovarian_cancer_cisplatin_response_manuscript/geo_metadata/data/230324-3way-merge/fastq/4_S4_R1_001_Run230323.fastq.gz	4_S4_R1_001_Run230323.fastq.gz	71b8860b5e69cb8b6f60d757a247bff2
4_S4_R2_001_Run230323	/Volumes/kueck/FASTQ/CellLines/RNA-Seq/230323_run/fastq/4_S4_R2_001.fastq.gz	/Volumes/kueck/ovarian_cancer_cisplatin_response_manuscript/geo_metadata/data/230324-3way-merge/fastq/4_S4_R2_001_Run230323.fastq.gz	4_S4_R2_001_Run230323.fastq.gz	acb0d29778fc42450d28a136edab0356
5_S5_R1_001_Run230323	/Volumes/kueck/FASTQ/CellLines/RNA-Seq/230323_run/fastq/5_S5_R1_001.fastq.gz	/Volumes/kueck/ovarian_cancer_cisplatin_response_manuscript/geo_metadata/data/230324-3way-merge/fastq/5_S5_R1_001_Run230323.fastq.gz	5_S5_R1_001_Run230323.fastq.gz	f3ddad804427dd2c0e6675d28af19476
5_S5_R2_001_Run230323	/Volumes/kueck/FASTQ/CellLines/RNA-Seq/230323_run/fastq/5_S5_R2_001.fastq.gz	/Volumes/kueck/ovarian_cancer_cisplatin_response_manuscript/geo_metadata/data/230324-3way-merge/fastq/5_S5_R2_001_Run230323.fastq.gz	5_S5_R2_001_Run230323.fastq.gz	12f5c963efa17d39a00c626ff8253bf5
6_S6_R1_001_Run230323	/Volumes/kueck/FASTQ/CellLines/RNA-Seq/230323_run/fastq/6_S6_R1_001.fastq.gz	/Volumes/kueck/ovarian_cancer_cisplatin_response_manuscript/geo_metadata/data/230324-3way-merge/fastq/6_S6_R1_001_Run230323.fastq.gz	6_S6_R1_001_Run230323.fastq.gz	5d9e51f7e9914241905e111a5983fcae
6_S6_R2_001_Run230323	/Volumes/kueck/FASTQ/CellLines/RNA-Seq/230323_run/fastq/6_S6_R2_001.fastq.gz	/Volumes/kueck/ovarian_cancer_cisplatin_response_manuscript/geo_metadata/data/230324-3way-merge/fastq/6_S6_R2_001_Run230323.fastq.gz	6_S6_R2_001_Run230323.fastq.gz	21ba5f727728ca8b4a64a16c676f3832
7_S7_R1_001_Run230323	/Volumes/kueck/FASTQ/CellLines/RNA-Seq/230323_run/fastq/7_S7_R1_001.fastq.gz	/Volumes/kueck/ovarian_cancer_cisplatin_response_manuscript/geo_metadata/data/230324-3way-merge/fastq/7_S7_R1_001_Run230323.fastq.gz	7_S7_R1_001_Run230323.fastq.gz	983748284d57416dc2929677032d9b8d
7_S7_R2_001_Run230323	/Volumes/kueck/FASTQ/CellLines/RNA-Seq/230323_run/fastq/7_S7_R2_001.fastq.gz	/Volumes/kueck/ovarian_cancer_cisplatin_response_manuscript/geo_metadata/data/230324-3way-merge/fastq/7_S7_R2_001_Run230323.fastq.gz	7_S7_R2_001_Run230323.fastq.gz	e11d978ac51a49a4e4b0376fcedd721e
8_S8_R1_001_Run230323	/Volumes/kueck/FASTQ/CellLines/RNA-Seq/230323_run/fastq/8_S8_R1_001.fastq.gz	/Volumes/kueck/ovarian_cancer_cisplatin_response_manuscript/geo_metadata/data/230324-3way-merge/fastq/8_S8_R1_001_Run230323.fastq.gz	8_S8_R1_001_Run230323.fastq.gz	6d20a73074198adf59a7df1582453705
8_S8_R2_001_Run230323	/Volumes/kueck/FASTQ/CellLines/RNA-Seq/230323_run/fastq/8_S8_R2_001.fastq.gz	/Volumes/kueck/ovarian_cancer_cisplatin_response_manuscript/geo_metadata/data/230324-3way-merge/fastq/8_S8_R2_001_Run230323.fastq.gz	8_S8_R2_001_Run230323.fastq.gz	7173ff2443d054f48fd477e5c763fc24
9_S9_R1_001_Run230323	/Volumes/kueck/FASTQ/CellLines/RNA-Seq/230323_run/fastq/9_S9_R1_001.fastq.gz	/Volumes/kueck/ovarian_cancer_cisplatin_response_manuscript/geo_metadata/data/230324-3way-merge/fastq/9_S9_R1_001_Run230323.fastq.gz	9_S9_R1_001_Run230323.fastq.gz	29a53acac5c277806fc54cc80643bf3b
9_S9_R2_001_Run230323	/Volumes/kueck/FASTQ/CellLines/RNA-Seq/230323_run/fastq/9_S9_R2_001.fastq.gz	/Volumes/kueck/ovarian_cancer_cisplatin_response_manuscript/geo_metadata/data/230324-3way-merge/fastq/9_S9_R2_001_Run230323.fastq.gz	9_S9_R2_001_Run230323.fastq.gz	fb1c1c672f2db871150865d9a30fb922
10_S10_R1_001_Run230323	/Volumes/kueck/FASTQ/CellLines/RNA-Seq/230323_run/fastq/10_S10_R1_001.fastq.gz	/Volumes/kueck/ovarian_cancer_cisplatin_response_manuscript/geo_metadata/data/230324-3way-merge/fastq/10_S10_R1_001_Run230323.fastq.gz	10_S10_R1_001_Run230323.fastq.gz	a44937f4dfd579cc4fa07ac3307e76a4
10_S10_R2_001_Run230323	/Volumes/kueck/FASTQ/CellLines/RNA-Seq/230323_run/fastq/10_S10_R2_001.fastq.gz	/Volumes/kueck/ovarian_cancer_cisplatin_response_manuscript/geo_metadata/data/230324-3way-merge/fastq/10_S10_R2_001_Run230323.fastq.gz	10_S10_R2_001_Run230323.fastq.gz	700c766f014c55b3a786d82832b4518b
11_S11_R1_001_Run230323	/Volumes/kueck/FASTQ/CellLines/RNA-Seq/230323_run/fastq/11_S11_R1_001.fastq.gz	/Volumes/kueck/ovarian_cancer_cisplatin_response_manuscript/geo_metadata/data/230324-3way-merge/fastq/11_S11_R1_001_Run230323.fastq.gz	11_S11_R1_001_Run230323.fastq.gz	3d0cc5490f8b2f19a5ff698d2e0ac2a9
11_S11_R2_001_Run230323	/Volumes/kueck/FASTQ/CellLines/RNA-Seq/230323_run/fastq/11_S11_R2_001.fastq.gz	/Volumes/kueck/ovarian_cancer_cisplatin_response_manuscript/geo_metadata/data/230324-3way-merge/fastq/11_S11_R2_001_Run230323.fastq.gz	11_S11_R2_001_Run230323.fastq.gz	0f14e423d15c54420199ff0e48ef317c
12_S12_R1_001_Run230323	/Volumes/kueck/FASTQ/CellLines/RNA-Seq/230323_run/fastq/12_S12_R1_001.fastq.gz	/Volumes/kueck/ovarian_cancer_cisplatin_response_manuscript/geo_metadata/data/230324-3way-merge/fastq/12_S12_R1_001_Run230323.fastq.gz	12_S12_R1_001_Run230323.fastq.gz	82b199c56473fd2a5e9f9d223b463a20
12_S12_R2_001_Run230323	/Volumes/kueck/FASTQ/CellLines/RNA-Seq/230323_run/fastq/12_S12_R2_001.fastq.gz	/Volumes/kueck/ovarian_cancer_cisplatin_response_manuscript/geo_metadata/data/230324-3way-merge/fastq/12_S12_R2_001_Run230323.fastq.gz	12_S12_R2_001_Run230323.fastq.gz	d13592ec76cb4b7bc6e286e06cec68d9
13_S13_R1_001_Run230323	/Volumes/kueck/FASTQ/CellLines/RNA-Seq/230323_run/fastq/13_S13_R1_001.fastq.gz	/Volumes/kueck/ovarian_cancer_cisplatin_response_manuscript/geo_metadata/data/230324-3way-merge/fastq/13_S13_R1_001_Run230323.fastq.gz	13_S13_R1_001_Run230323.fastq.gz	a7b5e297b263470c348989f8e0dd7e76
13_S13_R2_001_Run230323	/Volumes/kueck/FASTQ/CellLines/RNA-Seq/230323_run/fastq/13_S13_R2_001.fastq.gz	/Volumes/kueck/ovarian_cancer_cisplatin_response_manuscript/geo_metadata/data/230324-3way-merge/fastq/13_S13_R2_001_Run230323.fastq.gz	13_S13_R2_001_Run230323.fastq.gz	eb01f8b7b3a07b2f193888b603b3d210
14_S14_R1_001_Run230323	/Volumes/kueck/FASTQ/CellLines/RNA-Seq/230323_run/fastq/14_S14_R1_001.fastq.gz	/Volumes/kueck/ovarian_cancer_cisplatin_response_manuscript/geo_metadata/data/230324-3way-merge/fastq/14_S14_R1_001_Run230323.fastq.gz	14_S14_R1_001_Run230323.fastq.gz	1cc5ce1dc5f77fda7ab26fd1d53c5bf8
14_S14_R2_001_Run230323	/Volumes/kueck/FASTQ/CellLines/RNA-Seq/230323_run/fastq/14_S14_R2_001.fastq.gz	/Volumes/kueck/ovarian_cancer_cisplatin_response_manuscript/geo_metadata/data/230324-3way-merge/fastq/14_S14_R2_001_Run230323.fastq.gz	14_S14_R2_001_Run230323.fastq.gz	8ca574bed38fa57b4c31aa9be3782749
15_S15_R1_001_Run230323	/Volumes/kueck/FASTQ/CellLines/RNA-Seq/230323_run/fastq/15_S15_R1_001.fastq.gz	/Volumes/kueck/ovarian_cancer_cisplatin_response_manuscript/geo_metadata/data/230324-3way-merge/fastq/15_S15_R1_001_Run230323.fastq.gz	15_S15_R1_001_Run230323.fastq.gz	35cdbbcd25c55505aafb238d8ff7dfd2
15_S15_R2_001_Run230323	/Volumes/kueck/FASTQ/CellLines/RNA-Seq/230323_run/fastq/15_S15_R2_001.fastq.gz	/Volumes/kueck/ovarian_cancer_cisplatin_response_manuscript/geo_metadata/data/230324-3way-merge/fastq/15_S15_R2_001_Run230323.fastq.gz	15_S15_R2_001_Run230323.fastq.gz	c54bd42731b897a1e303397cfeabf136
16_S16_R1_001_Run230323	/Volumes/kueck/FASTQ/CellLines/RNA-Seq/230323_run/fastq/16_S16_R1_001.fastq.gz	/Volumes/kueck/ovarian_cancer_cisplatin_response_manuscript/geo_metadata/data/230324-3way-merge/fastq/16_S16_R1_001_Run230323.fastq.gz	16_S16_R1_001_Run230323.fastq.gz	542898c4b358e6d7e8f04eb30d2b49c3
16_S16_R2_001_Run230323	/Volumes/kueck/FASTQ/CellLines/RNA-Seq/230323_run/fastq/16_S16_R2_001.fastq.gz	/Volumes/kueck/ovarian_cancer_cisplatin_response_manuscript/geo_metadata/data/230324-3way-merge/fastq/16_S16_R2_001_Run230323.fastq.gz	16_S16_R2_001_Run230323.fastq.gz	e4030f8eaa16a5417ad00b2153f9d153
17_S17_R1_001_Run230323	/Volumes/kueck/FASTQ/CellLines/RNA-Seq/230323_run/fastq/17_S17_R1_001.fastq.gz	/Volumes/kueck/ovarian_cancer_cisplatin_response_manuscript/geo_metadata/data/230324-3way-merge/fastq/17_S17_R1_001_Run230323.fastq.gz	17_S17_R1_001_Run230323.fastq.gz	163eff0c224b70e4e758a418b9eb3360
17_S17_R2_001_Run230323	/Volumes/kueck/FASTQ/CellLines/RNA-Seq/230323_run/fastq/17_S17_R2_001.fastq.gz	/Volumes/kueck/ovarian_cancer_cisplatin_response_manuscript/geo_metadata/data/230324-3way-merge/fastq/17_S17_R2_001_Run230323.fastq.gz	17_S17_R2_001_Run230323.fastq.gz	6e58a3903f8d3e452c7caeae53130a4d
18_S18_R1_001_Run230323	/Volumes/kueck/FASTQ/CellLines/RNA-Seq/230323_run/fastq/18_S18_R1_001.fastq.gz	/Volumes/kueck/ovarian_cancer_cisplatin_response_manuscript/geo_metadata/data/230324-3way-merge/fastq/18_S18_R1_001_Run230323.fastq.gz	18_S18_R1_001_Run230323.fastq.gz	ffd65b15180a8abbbdb86e5a7475bb49
18_S18_R2_001_Run230323	/Volumes/kueck/FASTQ/CellLines/RNA-Seq/230323_run/fastq/18_S18_R2_001.fastq.gz	/Volumes/kueck/ovarian_cancer_cisplatin_response_manuscript/geo_metadata/data/230324-3way-merge/fastq/18_S18_R2_001_Run230323.fastq.gz	18_S18_R2_001_Run230323.fastq.gz	d280985fb95d43bbafa9c187f2e207a5
19_S19_R1_001_Run230323	/Volumes/kueck/FASTQ/CellLines/RNA-Seq/230323_run/fastq/19_S19_R1_001.fastq.gz	/Volumes/kueck/ovarian_cancer_cisplatin_response_manuscript/geo_metadata/data/230324-3way-merge/fastq/19_S19_R1_001_Run230323.fastq.gz	19_S19_R1_001_Run230323.fastq.gz	158d526c210ff6124452285034f76fff
19_S19_R2_001_Run230323	/Volumes/kueck/FASTQ/CellLines/RNA-Seq/230323_run/fastq/19_S19_R2_001.fastq.gz	/Volumes/kueck/ovarian_cancer_cisplatin_response_manuscript/geo_metadata/data/230324-3way-merge/fastq/19_S19_R2_001_Run230323.fastq.gz	19_S19_R2_001_Run230323.fastq.gz	7868ff5286959683fddb188ce5560995
20_S20_R1_001_Run230323	/Volumes/kueck/FASTQ/CellLines/RNA-Seq/230323_run/fastq/20_S20_R1_001.fastq.gz	/Volumes/kueck/ovarian_cancer_cisplatin_response_manuscript/geo_metadata/data/230324-3way-merge/fastq/20_S20_R1_001_Run230323.fastq.gz	20_S20_R1_001_Run230323.fastq.gz	9312cf7c9601cc281fe901482a2b969d
20_S20_R2_001_Run230323	/Volumes/kueck/FASTQ/CellLines/RNA-Seq/230323_run/fastq/20_S20_R2_001.fastq.gz	/Volumes/kueck/ovarian_cancer_cisplatin_response_manuscript/geo_metadata/data/230324-3way-merge/fastq/20_S20_R2_001_Run230323.fastq.gz	20_S20_R2_001_Run230323.fastq.gz	7c9181f4220dbaa04476d937834ea432
21_S21_R1_001_Run230323	/Volumes/kueck/FASTQ/CellLines/RNA-Seq/230323_run/fastq/21_S21_R1_001.fastq.gz	/Volumes/kueck/ovarian_cancer_cisplatin_response_manuscript/geo_metadata/data/230324-3way-merge/fastq/21_S21_R1_001_Run230323.fastq.gz	21_S21_R1_001_Run230323.fastq.gz	2d4292c90740ebcf6a709d7235367827
21_S21_R2_001_Run230323	/Volumes/kueck/FASTQ/CellLines/RNA-Seq/230323_run/fastq/21_S21_R2_001.fastq.gz	/Volumes/kueck/ovarian_cancer_cisplatin_response_manuscript/geo_metadata/data/230324-3way-merge/fastq/21_S21_R2_001_Run230323.fastq.gz	21_S21_R2_001_Run230323.fastq.gz	4aaf9f132738da74000a20d2214994f2
22_S22_R1_001_Run230323	/Volumes/kueck/FASTQ/CellLines/RNA-Seq/230323_run/fastq/22_S22_R1_001.fastq.gz	/Volumes/kueck/ovarian_cancer_cisplatin_response_manuscript/geo_metadata/data/230324-3way-merge/fastq/22_S22_R1_001_Run230323.fastq.gz	22_S22_R1_001_Run230323.fastq.gz	5a0f00e01ca43cced6a8d3d8930f47fa
22_S22_R2_001_Run230323	/Volumes/kueck/FASTQ/CellLines/RNA-Seq/230323_run/fastq/22_S22_R2_001.fastq.gz	/Volumes/kueck/ovarian_cancer_cisplatin_response_manuscript/geo_metadata/data/230324-3way-merge/fastq/22_S22_R2_001_Run230323.fastq.gz	22_S22_R2_001_Run230323.fastq.gz	2fcd57779b5679b014733eff89b18d4a
23_S23_R1_001_Run230323	/Volumes/kueck/FASTQ/CellLines/RNA-Seq/230323_run/fastq/23_S23_R1_001.fastq.gz	/Volumes/kueck/ovarian_cancer_cisplatin_response_manuscript/geo_metadata/data/230324-3way-merge/fastq/23_S23_R1_001_Run230323.fastq.gz	23_S23_R1_001_Run230323.fastq.gz	0d3e117551019c0d0aab1694e8a727c8
23_S23_R2_001_Run230323	/Volumes/kueck/FASTQ/CellLines/RNA-Seq/230323_run/fastq/23_S23_R2_001.fastq.gz	/Volumes/kueck/ovarian_cancer_cisplatin_response_manuscript/geo_metadata/data/230324-3way-merge/fastq/23_S23_R2_001_Run230323.fastq.gz	23_S23_R2_001_Run230323.fastq.gz	8a9d8ed652b19dbed8b61a21ae2b011b
24_S24_R1_001_Run230323	/Volumes/kueck/FASTQ/CellLines/RNA-Seq/230323_run/fastq/24_S24_R1_001.fastq.gz	/Volumes/kueck/ovarian_cancer_cisplatin_response_manuscript/geo_metadata/data/230324-3way-merge/fastq/24_S24_R1_001_Run230323.fastq.gz	24_S24_R1_001_Run230323.fastq.gz	23c16382801155c9098ba4115fe4d37f
24_S24_R2_001_Run230323	/Volumes/kueck/FASTQ/CellLines/RNA-Seq/230323_run/fastq/24_S24_R2_001.fastq.gz	/Volumes/kueck/ovarian_cancer_cisplatin_response_manuscript/geo_metadata/data/230324-3way-merge/fastq/24_S24_R2_001_Run230323.fastq.gz	24_S24_R2_001_Run230323.fastq.gz	a927379290c0a96801e7e2f97e69a254
25_S25_R1_001_Run230323	/Volumes/kueck/FASTQ/CellLines/RNA-Seq/230323_run/fastq/25_S25_R1_001.fastq.gz	/Volumes/kueck/ovarian_cancer_cisplatin_response_manuscript/geo_metadata/data/230324-3way-merge/fastq/25_S25_R1_001_Run230323.fastq.gz	25_S25_R1_001_Run230323.fastq.gz	86a12d4f9e94805542fc808a424a96de
25_S25_R2_001_Run230323	/Volumes/kueck/FASTQ/CellLines/RNA-Seq/230323_run/fastq/25_S25_R2_001.fastq.gz	/Volumes/kueck/ovarian_cancer_cisplatin_response_manuscript/geo_metadata/data/230324-3way-merge/fastq/25_S25_R2_001_Run230323.fastq.gz	25_S25_R2_001_Run230323.fastq.gz	645d2637440f401c1787738851434c83
26_S26_R1_001_Run230323	/Volumes/kueck/FASTQ/CellLines/RNA-Seq/230323_run/fastq/26_S26_R1_001.fastq.gz	/Volumes/kueck/ovarian_cancer_cisplatin_response_manuscript/geo_metadata/data/230324-3way-merge/fastq/26_S26_R1_001_Run230323.fastq.gz	26_S26_R1_001_Run230323.fastq.gz	637da7b343460e2b6e99987be20326d9
26_S26_R2_001_Run230323	/Volumes/kueck/FASTQ/CellLines/RNA-Seq/230323_run/fastq/26_S26_R2_001.fastq.gz	/Volumes/kueck/ovarian_cancer_cisplatin_response_manuscript/geo_metadata/data/230324-3way-merge/fastq/26_S26_R2_001_Run230323.fastq.gz	26_S26_R2_001_Run230323.fastq.gz	d3674cf08bd917534d745b44200b6c57
27_S27_R1_001_Run230323	/Volumes/kueck/FASTQ/CellLines/RNA-Seq/230323_run/fastq/27_S27_R1_001.fastq.gz	/Volumes/kueck/ovarian_cancer_cisplatin_response_manuscript/geo_metadata/data/230324-3way-merge/fastq/27_S27_R1_001_Run230323.fastq.gz	27_S27_R1_001_Run230323.fastq.gz	bac9b0254fbd28506903ce0a4a5b8f95
27_S27_R2_001_Run230323	/Volumes/kueck/FASTQ/CellLines/RNA-Seq/230323_run/fastq/27_S27_R2_001.fastq.gz	/Volumes/kueck/ovarian_cancer_cisplatin_response_manuscript/geo_metadata/data/230324-3way-merge/fastq/27_S27_R2_001_Run230323.fastq.gz	27_S27_R2_001_Run230323.fastq.gz	c8c6a85c96a9f64f3b1e4b7f1ff553f9
28_S28_R1_001_Run230323	/Volumes/kueck/FASTQ/CellLines/RNA-Seq/230323_run/fastq/28_S28_R1_001.fastq.gz	/Volumes/kueck/ovarian_cancer_cisplatin_response_manuscript/geo_metadata/data/230324-3way-merge/fastq/28_S28_R1_001_Run230323.fastq.gz	28_S28_R1_001_Run230323.fastq.gz	e0880e9c22657e6d702943352ca2239c
28_S28_R2_001_Run230323	/Volumes/kueck/FASTQ/CellLines/RNA-Seq/230323_run/fastq/28_S28_R2_001.fastq.gz	/Volumes/kueck/ovarian_cancer_cisplatin_response_manuscript/geo_metadata/data/230324-3way-merge/fastq/28_S28_R2_001_Run230323.fastq.gz	28_S28_R2_001_Run230323.fastq.gz	6ceb2a6b5f5ad19cc4bcb0e0c8793ab1
29_S29_R1_001_Run230323	/Volumes/kueck/FASTQ/CellLines/RNA-Seq/230323_run/fastq/29_S29_R1_001.fastq.gz	/Volumes/kueck/ovarian_cancer_cisplatin_response_manuscript/geo_metadata/data/230324-3way-merge/fastq/29_S29_R1_001_Run230323.fastq.gz	29_S29_R1_001_Run230323.fastq.gz	05e8bb4b5985e7ed95688c5e48a17f1e
29_S29_R2_001_Run230323	/Volumes/kueck/FASTQ/CellLines/RNA-Seq/230323_run/fastq/29_S29_R2_001.fastq.gz	/Volumes/kueck/ovarian_cancer_cisplatin_response_manuscript/geo_metadata/data/230324-3way-merge/fastq/29_S29_R2_001_Run230323.fastq.gz	29_S29_R2_001_Run230323.fastq.gz	0c9d4f595cd1916521dbc4e8ee4713c8
30_S30_R1_001_Run230323	/Volumes/kueck/FASTQ/CellLines/RNA-Seq/230323_run/fastq/30_S30_R1_001.fastq.gz	/Volumes/kueck/ovarian_cancer_cisplatin_response_manuscript/geo_metadata/data/230324-3way-merge/fastq/30_S30_R1_001_Run230323.fastq.gz	30_S30_R1_001_Run230323.fastq.gz	fa8ae07b9e1fb9fab05afa7b74a68f6a
30_S30_R2_001_Run230323	/Volumes/kueck/FASTQ/CellLines/RNA-Seq/230323_run/fastq/30_S30_R2_001.fastq.gz	/Volumes/kueck/ovarian_cancer_cisplatin_response_manuscript/geo_metadata/data/230324-3way-merge/fastq/30_S30_R2_001_Run230323.fastq.gz	30_S30_R2_001_Run230323.fastq.gz	3b1b2e22a2c8404f48f16324805148c5
31_S31_R1_001_Run230323	/Volumes/kueck/FASTQ/CellLines/RNA-Seq/230323_run/fastq/31_S31_R1_001.fastq.gz	/Volumes/kueck/ovarian_cancer_cisplatin_response_manuscript/geo_metadata/data/230324-3way-merge/fastq/31_S31_R1_001_Run230323.fastq.gz	31_S31_R1_001_Run230323.fastq.gz	f4728a7b7e1d0b34e31de617553c94d9
31_S31_R2_001_Run230323	/Volumes/kueck/FASTQ/CellLines/RNA-Seq/230323_run/fastq/31_S31_R2_001.fastq.gz	/Volumes/kueck/ovarian_cancer_cisplatin_response_manuscript/geo_metadata/data/230324-3way-merge/fastq/31_S31_R2_001_Run230323.fastq.gz	31_S31_R2_001_Run230323.fastq.gz	267e934f226bb6bc9926fdcd69a8b063
32_S32_R1_001_Run230323	/Volumes/kueck/FASTQ/CellLines/RNA-Seq/230323_run/fastq/32_S32_R1_001.fastq.gz	/Volumes/kueck/ovarian_cancer_cisplatin_response_manuscript/geo_metadata/data/230324-3way-merge/fastq/32_S32_R1_001_Run230323.fastq.gz	32_S32_R1_001_Run230323.fastq.gz	c8634cdab2082b4198d58ccc0057f77b
32_S32_R2_001_Run230323	/Volumes/kueck/FASTQ/CellLines/RNA-Seq/230323_run/fastq/32_S32_R2_001.fastq.gz	/Volumes/kueck/ovarian_cancer_cisplatin_response_manuscript/geo_metadata/data/230324-3way-merge/fastq/32_S32_R2_001_Run230323.fastq.gz	32_S32_R2_001_Run230323.fastq.gz	b332e910a17b49a3f1599ee04b4d2743
33_S33_R1_001_Run230323	/Volumes/kueck/FASTQ/CellLines/RNA-Seq/230323_run/fastq/33_S33_R1_001.fastq.gz	/Volumes/kueck/ovarian_cancer_cisplatin_response_manuscript/geo_metadata/data/230324-3way-merge/fastq/33_S33_R1_001_Run230323.fastq.gz	33_S33_R1_001_Run230323.fastq.gz	4214a83565ed2095db0cf9a49fec95af
33_S33_R2_001_Run230323	/Volumes/kueck/FASTQ/CellLines/RNA-Seq/230323_run/fastq/33_S33_R2_001.fastq.gz	/Volumes/kueck/ovarian_cancer_cisplatin_response_manuscript/geo_metadata/data/230324-3way-merge/fastq/33_S33_R2_001_Run230323.fastq.gz	33_S33_R2_001_Run230323.fastq.gz	d63eaf377ef182909d4a4394095ef673
